state,district,districtCode,MainWorkers_Persons,MainWorkers_Males,MainWorkers_Females,MarginalWorkers_Persons,MarginalWorkers_Males,MarginalWorkers_Females,MarginalSeeking_Persons,MarginalSeeking_Males,MarginalSeeking_Females,NonWorkers_Persons,NonWorkers_Males,NonWorkers_Females,NonWorkersSeeking_Persons,NonWorkersSeeking_Males,NonWorkersSeeking_Females
ANDAMAN & NICOBAR ISLANDS,Nicobars,638,6679,5511,1168,2696,1718,978,1164,785,379,9203,3599,5604,1532,557,975
ANDAMAN & NICOBAR ISLANDS,North  & Middle Andaman,639,20928,16809,4119,4445,2241,2204,1961,1213,748,37700,10768,26932,5448,1287,4161
ANDAMAN & NICOBAR ISLANDS,South Andaman,640,55382,45260,10122,7291,4673,2618,3902,2689,1213,72017,19675,52342,13552,3231,10321
ANDHRA PRADESH,Anantapur,553,707182,294953,412229,179432,35189,144243,70689,15549,55140,735738,222691,513047,49481,14732,34749
ANDHRA PRADESH,Chittoor,554,665342,297311,368031,120749,29177,91572,36774,11090,25684,840850,225710,615140,59513,17788,41725
ANDHRA PRADESH,East Godavari,545,710766,480728,230038,172094,57381,114713,74131,28119,46012,1618519,435954,1182565,99937,32257,67680
ANDHRA PRADESH,Guntur,548,952247,469770,482477,147171,39062,108109,53360,15403,37957,1154091,375365,778726,62808,21538,41270
ANDHRA PRADESH,Krishna,547,860613,496520,364093,166866,53270,113596,63342,21200,42142,1290721,415421,875300,77056,25655,51401
ANDHRA PRADESH,Kurnool,552,753998,286077,467921,142539,36218,106321,68204,18828,49376,696723,227452,469271,45618,15254,30364
ANDHRA PRADESH,Prakasam,549,554432,219338,335094,114431,20926,93505,47099,10514,36585,582783,174550,408233,36226,10630,25596
ANDHRA PRADESH,Sri Potti Sriramulu Nellore,550,445879,253328,192551,119466,30521,88945,41371,13572,27799,745178,228840,516338,62979,24124,38855
ANDHRA PRADESH,Srikakulam,542,276503,105668,170835,127704,18960,108744,70086,11869,58217,447449,118817,328632,47269,10149,37120
ANDHRA PRADESH,Visakhapatnam,544,691538,434783,256755,204200,72693,131507,97210,36023,61187,1138222,367152,771070,97357,32363,64994
ANDHRA PRADESH,Vizianagaram,543,358689,154329,204360,97108,20901,76207,46879,12400,34479,486038,154111,331927,40134,11424,28710
ANDHRA PRADESH,West Godavari,546,649186,367498,281688,130079,33725,96354,49111,16398,32713,1164735,334391,830344,60041,19600,40441
ANDHRA PRADESH,Y.S.R.,551,467725,238462,229263,130449,29848,100601,48541,14924,33617,599976,175449,424527,46343,14170,32173
ARUNACHAL PRADESH,Anjaw,260,5002,2310,2692,502,76,426,105,20,85,3995,1808,2187,235,91,144
ARUNACHAL PRADESH,Changlang,253,27286,18519,8767,5422,1744,3678,1220,539,681,25804,8713,17091,2556,788,1768
ARUNACHAL PRADESH,Dibang Valley,257,1849,1128,721,653,362,291,346,195,151,2480,1095,1385,522,180,342
ARUNACHAL PRADESH,East Kameng,247,17785,6457,11328,2826,1004,1822,1399,547,852,15516,6218,9298,1841,671,1170
ARUNACHAL PRADESH,East Siang,251,16400,10470,5930,3098,1563,1535,1302,709,593,20517,7851,12666,3229,1083,2146
ARUNACHAL PRADESH,Kurung Kumey,256,11805,3855,7950,6632,1944,4688,2961,892,2069,12381,5515,6866,1099,456,643
ARUNACHAL PRADESH,Lohit,259,32313,21028,11285,5463,1835,3628,1738,700,1038,32088,11104,20984,2737,974,1763
ARUNACHAL PRADESH,Lower Dibang Valley,258,13563,9337,4226,1823,715,1108,1085,445,640,13444,5011,8433,1179,471,708
ARUNACHAL PRADESH,Lower Subansiri,255,13360,7679,5681,4217,1564,2653,1975,820,1155,17532,7236,10296,2557,1162,1395
ARUNACHAL PRADESH,Papum Pare,248,39928,26078,13850,11433,5507,5926,5160,2560,2600,66542,26540,40002,10103,3905,6198
ARUNACHAL PRADESH,Tawang,245,10841,8079,2762,1775,838,937,942,440,502,7552,3096,4456,912,273,639
ARUNACHAL PRADESH,Tirap,254,13983,8762,5221,1842,934,908,752,397,355,20125,8981,11144,2251,871,1380
ARUNACHAL PRADESH,Upper Siang,252,5581,3613,1968,1551,657,894,664,281,383,5681,2602,3079,577,233,344
ARUNACHAL PRADESH,Upper Subansiri,249,14149,5962,8187,3985,1316,2669,1831,738,1093,15207,6112,9095,2195,815,1380
ARUNACHAL PRADESH,West Kameng,246,19141,12941,6200,4699,2246,2453,1699,911,788,20005,7709,12296,3028,817,2211
ARUNACHAL PRADESH,West Siang,250,23707,11020,12687,3120,1408,1712,1089,633,456,26228,10287,15941,3606,1314,2292
ASSAM,Baksa,324,125453,78516,46937,73093,16616,56477,24928,8851,16077,203341,49911,153430,29724,7245,22479
ASSAM,Barpeta,303,126727,92441,34286,57106,10713,46393,25463,6775,18688,354663,50241,304422,63425,7107,56318
ASSAM,Bongaigaon,319,68820,52969,15851,29502,7094,22408,11872,4344,7528,162121,26692,135429,25814,4224,21590
ASSAM,Cachar,316,141433,97627,43806,52738,15763,36975,27062,10108,16954,348202,57789,290413,68981,10607,58374
ASSAM,Chirang,320,67330,42230,25100,29455,7687,21768,8806,3293,5513,102729,26710,76019,10933,2377,8556
ASSAM,Darrang,325,75542,54567,20975,38201,7034,31167,14153,3909,10244,182051,28514,153537,28686,3535,25151
ASSAM,Dhemaji,308,100134,62503,37631,54958,9523,45435,17572,4335,13237,91510,25438,66072,12604,3182,9422
ASSAM,Dhubri,301,133228,98099,35129,68166,13428,54738,33201,8597,24604,357881,42050,315831,70598,6425,64173
ASSAM,Dibrugarh,310,159112,95975,63137,74612,22241,52371,31503,11531,19972,254113,62298,191815,48648,10636,38012
ASSAM,Dima Hasao,315,34275,25556,8719,7751,2780,4971,2643,1215,1428,41069,13656,27413,5842,1818,4024
ASSAM,Goalpara,302,104041,77000,27041,44303,13039,31264,17980,7373,10607,199299,38136,161163,31000,4656,26344
ASSAM,Golaghat,313,125459,76526,48933,66833,13921,52912,20860,6107,14753,163072,31336,131736,24537,4013,20524
ASSAM,Hailakandi,318,41523,27649,13874,16962,4866,12096,7898,3186,4712,124969,16404,108565,25947,3157,22790
ASSAM,Jorhat,312,143816,86391,57425,77885,21959,55926,30276,10690,19586,222519,56254,166265,46302,9958,36344
ASSAM,Kamrup,321,132490,83283,49207,103609,19391,84218,37344,10274,27070,269821,48583,221238,51172,8569,42603
ASSAM,Kamrup Metropolitan,322,279606,224037,55569,50180,24539,25641,21943,11166,10777,389491,109679,279812,70580,20217,50363
ASSAM,Karbi Anglong,314,93764,66193,27571,48911,11245,37666,13471,4811,8660,124205,31179,93026,16989,4014,12975
ASSAM,Karimganj,317,95647,70947,24700,45191,15707,29484,21710,10334,11376,295322,56340,238982,49585,8268,41317
ASSAM,Kokrajhar,300,112267,73409,38858,45688,11680,34008,13840,5001,8839,186511,42099,144412,21367,5473,15894
ASSAM,Lakhimpur,307,83042,48154,34888,55042,6606,48436,14369,2679,11690,140030,20461,119569,22104,2655,19449
ASSAM,Morigaon,304,78676,52853,25823,42434,8505,33929,14117,4666,9451,175533,28334,147199,26006,3600,22406
ASSAM,Nagaon,305,218201,159018,59183,95172,25889,69283,34118,13435,20683,539970,78351,461619,76248,9405,66843
ASSAM,Nalbari,323,65188,47182,18006,33751,9825,23926,17533,6725,10808,189231,31381,157850,42045,6332,35713
ASSAM,Sivasagar,311,105691,58069,47622,64182,13081,51101,27162,6725,20437,206008,33064,172944,42217,5853,36364
ASSAM,Sonitpur,306,201924,140252,61672,88110,23474,64636,29629,10356,19273,336598,67123,269475,50603,8288,42315
ASSAM,Tinsukia,309,160966,106518,54448,57580,18160,39420,21558,8816,12742,215417,52406,163011,28753,7033,21720
ASSAM,Udalguri,326,90964,58095,32869,43687,9430,34257,14422,4972,9450,138137,27334,110803,18757,3774,14983
BIHAR,Araria,209,152481,40964,111517,157639,14151,143488,57360,8608,48752,305578,26555,279023,29691,2737,26954
BIHAR,Arwal,240,33298,4886,28412,30300,1393,28907,12067,830,11237,108855,4329,104526,11260,447,10813
BIHAR,Aurangabad,235,126063,46184,79879,140990,23455,117535,56107,13474,42633,469196,56949,412247,49987,6559,43428
BIHAR,Banka,225,86820,21777,65043,163372,15319,148053,65058,9334,55724,291887,22438,269449,29212,2255,26957
BIHAR,Begusarai,222,135805,55433,80372,127609,25952,101657,62994,16452,46542,570612,59370,511242,76974,8041,68933
BIHAR,Bhagalpur,224,128661,66907,61754,163502,32266,131236,84622,21437,63185,551983,69315,482668,63046,9320,53726
BIHAR,Bhojpur,231,102118,42107,60011,103890,19150,84740,38024,9963,28061,574862,58395,516467,50663,8439,42224
BIHAR,Buxar,232,61638,19994,41644,79783,6629,73154,27813,3457,24356,324381,26601,297780,27525,3351,24174
BIHAR,Darbhanga,215,114856,39730,75126,133276,15279,117997,55657,9216,46441,614957,36951,578006,62990,4443,58547
BIHAR,Gaya,236,289421,83151,206270,274698,38032,236666,110770,21299,89471,622217,88926,533291,66178,10362,55816
BIHAR,Gopalganj,217,73456,23534,49922,115926,15228,100698,37305,8165,29140,504393,33045,471348,41281,3257,38024
BIHAR,Jamui,238,126021,17022,108999,113053,6948,106105,37217,3634,33583,188304,13954,174350,16208,1359,14849
BIHAR,Jehanabad,239,51752,11950,39802,42637,3231,39406,17361,1765,15596,190056,11955,178101,19107,1706,17401
BIHAR,Kaimur (Bhabua),233,59718,18267,41451,85513,10794,74719,32709,5344,27365,300468,25936,274532,25434,2380,23054
BIHAR,Katihar,212,131860,54845,77015,122687,21044,101643,57253,13785,43468,444163,36712,407451,38339,4078,34261
BIHAR,Khagaria,223,64072,19780,44292,105355,12673,92682,49314,8207,41107,256889,21157,235732,34705,2078,32627
BIHAR,Kishanganj,210,60553,31210,29343,42753,7556,35197,15469,4239,11230,249070,18504,230566,16919,1782,15137
BIHAR,Lakhisarai,227,46626,14388,32238,45145,5460,39685,21524,3475,18049,172584,12667,159917,19854,1387,18467
BIHAR,Madhepura,213,108410,18353,90057,154165,9367,144798,60977,5634,55343,227954,14399,213555,22077,1522,20555
BIHAR,Madhubani,207,254503,51867,202636,242547,20148,222399,90242,11847,78395,646800,51087,595713,69319,5131,64188
BIHAR,Munger,226,50453,23358,27095,66787,11501,55286,31143,6736,24407,252814,24490,228324,27983,4120,23863
BIHAR,Muzaffarpur,216,200249,82218,118031,195833,34750,161083,96047,21278,74769,930108,84362,845746,120886,11600,109286
BIHAR,Nalanda,229,221328,57334,163994,137184,15581,121603,55341,8537,46804,453474,54080,399394,46772,6168,40604
BIHAR,Nawada,237,127672,29156,98516,121703,11086,110617,43385,5491,37894,306139,27361,278778,24511,2974,21537
BIHAR,Pashchim Champaran,203,192984,58045,134939,279742,28147,251595,112096,17311,94785,519292,46667,472625,49879,4707,45172
BIHAR,Patna,230,456860,272487,184373,211452,62335,149117,98293,35097,63196,1267880,250734,1017146,138861,34107,104754
BIHAR,Purba Champaran,204,217919,49302,168617,241773,19579,222194,82539,10471,72068,790195,48764,741431,70752,4848,65904
BIHAR,Purnia,211,192544,66825,125719,141325,20963,120362,67145,13490,53655,429235,45141,384094,45049,5708,39341
BIHAR,Rohtas,234,115558,53203,62355,140238,22504,117734,52410,12147,40263,607079,66359,540720,63624,8185,55439
BIHAR,Saharsa,214,81072,26705,54367,117700,12927,104773,54323,8609,45714,289911,24088,265823,30054,3109,26945
BIHAR,Samastipur,221,153458,41295,112163,158639,13167,145472,69814,8028,61786,790617,46278,744339,99083,5303,93780
BIHAR,Saran,219,84273,30919,53354,107968,17543,90425,41643,9628,32015,846355,49474,796881,63842,5852,57990
BIHAR,Sheikhpura,228,41014,10594,30420,31722,4597,27125,11849,2353,9496,99500,11636,87864,10758,1173,9585
BIHAR,Sheohar,205,11828,2679,9149,12951,1516,11435,4642,850,3792,60215,3478,56737,6709,450,6259
BIHAR,Sitamarhi,206,120645,36828,83817,127375,15093,112282,47875,9233,38642,604933,34310,570623,53766,3480,50286
BIHAR,Siwan,218,67010,19060,47950,121219,9231,111988,38144,4617,33527,665292,26824,638468,61023,3212,57811
BIHAR,Supaul,208,127030,31358,95672,189072,14834,174238,70684,8788,61896,259367,24021,235346,27588,2096,25492
BIHAR,Vaishali,220,109486,34114,75372,104935,13231,91704,39928,7662,32266,725281,39601,685680,75852,4701,71151
CHANDIGARH,Chandigarh,55,296779,243608,53171,12993,7548,5445,5453,3410,2043,368416,111162,257254,29604,9710,19894
CHHATTISGARH,Bastar,414,114388,46428,67960,138483,10240,128243,63906,6107,57799,147049,30172,116877,15471,2349,13122
CHHATTISGARH,Bijapur,417,23327,10257,13070,20995,3474,17521,8163,2001,6162,33124,13952,19172,2434,542,1892
CHHATTISGARH,Bilaspur,406,341683,128771,212912,184954,21128,163826,96916,13105,83811,363494,79651,283843,32036,7372,24664
CHHATTISGARH,Dakshin Bastar Dantewada,416,56158,22566,33592,35651,2865,32786,15406,1541,13865,63552,21207,42345,5755,1750,4005
CHHATTISGARH,Dhamtari,412,144016,34713,109303,37807,3819,33988,18248,2410,15838,101358,21883,79475,7209,1451,5758
CHHATTISGARH,Durg,409,576905,241411,335494,159884,21103,138781,75975,12790,63185,600000,137416,462584,46263,12555,33708
CHHATTISGARH,Janjgir - Champa,405,163456,47531,115925,171441,15504,155937,70767,9513,61254,181807,33541,148266,17508,2776,14732
CHHATTISGARH,Jashpur,402,92142,26183,65959,89538,6946,82592,32574,3594,28980,81588,18215,63373,6421,1284,5137
CHHATTISGARH,Kabeerdham,407,136499,25576,110923,45530,4711,40819,31033,3785,27248,71461,15809,55652,6274,1165,5109
CHHATTISGARH,Korba,404,165316,97487,67829,82885,11306,71579,39082,7203,31879,212298,45711,166587,21060,5633,15427
CHHATTISGARH,Koriya,400,71982,39296,32686,64341,8855,55486,26154,5516,20638,95865,20564,75301,9350,2456,6894
CHHATTISGARH,Mahasamund,411,131898,42424,89474,85418,8609,76809,35128,5539,29589,149111,25584,123527,9740,1755,7985
CHHATTISGARH,Narayanpur,415,13734,5308,8426,11110,1290,9820,4544,732,3812,13362,4548,8814,1095,276,819
CHHATTISGARH,Raigarh,403,173284,71251,102033,105503,9220,96283,35812,5515,30297,247203,40534,206669,18434,3059,15375
CHHATTISGARH,Raipur,410,580516,282658,297858,255755,35927,219828,138314,21932,116382,723755,166701,557054,60178,13235,46943
CHHATTISGARH,Rajnandgaon,408,255153,67568,187585,105704,11939,93765,52676,7798,44878,175647,41611,134036,14075,3227,10848
CHHATTISGARH,Surguja,401,206480,83271,123209,275758,23194,252564,88118,12322,75796,258036,59762,198274,19982,3781,16201
CHHATTISGARH,Uttar Bastar Kanker,413,115068,41405,73663,48123,5476,42647,23627,3455,20172,88480,20927,67553,9606,1585,8021
DADRA & NAGAR HAVELI,Dadra & Nagar Haveli,496,85904,72989,12915,15345,4736,10609,2158,808,1350,86808,25516,61292,3850,773,3077
DAMAN & DIU,Daman,495,84057,76878,7179,2915,1935,980,602,432,170,56554,17698,38856,2550,676,1874
DAMAN & DIU,Diu,494,1675,1397,278,101,20,81,33,11,22,3290,607,2683,221,57,164
GOA,North Goa,585,203963,146198,57765,43626,25380,18246,19903,11934,7969,412505,140003,272502,57609,18640,38969
GOA,South Goa,586,147280,106177,41103,31270,17453,13817,13574,7678,5896,302046,102045,200001,35917,12179,23738
GUJARAT,Ahmadabad,474,1076558,888823,187735,149207,49577,99630,32257,14825,17432,2020772,545824,1474948,78052,27808,50244
GUJARAT,Amreli,480,172446,94319,78127,82722,7133,75589,8619,1952,6667,394744,85521,309223,12102,3109,8993
GUJARAT,Anand,482,260725,160784,99941,102322,18406,83916,18695,6033,12662,685503,176002,509501,30581,8128,22453
GUJARAT,Banas Kantha,469,293493,98963,194530,147397,6941,140456,13856,2682,11174,561995,90916,471079,17192,3929,13263
GUJARAT,Bharuch,488,249349,177316,72033,59727,18655,41072,14795,6786,8009,509771,148276,361495,17797,7133,10664
GUJARAT,Bhavnagar,481,344428,210390,134038,91065,12480,78585,14610,3353,11257,685532,146608,538924,27140,5658,21482
GUJARAT,Dohad,485,138896,26383,112513,264627,8837,255790,66973,4080,62893,157314,29789,127525,9946,1319,8627
GUJARAT,Gandhinagar,473,207168,138246,68922,54818,13671,41147,10269,4542,5727,498020,123238,374782,24722,7753,16969
GUJARAT,Jamnagar,477,257979,177999,79980,73393,14866,58527,9516,4613,4903,571287,132884,438403,14877,4968,9909
GUJARAT,Junagadh,479,343861,209411,134450,117881,14358,103523,12713,4280,8433,731797,186904,544893,24812,8561,16251
GUJARAT,Kachchh,468,325637,259571,66066,49747,13101,36646,8859,3689,5170,622789,158031,464758,18801,5312,13489
GUJARAT,Kheda,483,225816,118154,107662,130601,16678,113923,19566,5621,13945,634433,130796,503637,24846,6442,18404
GUJARAT,Mahesana,471,258034,132021,126013,74866,10474,64392,8527,2982,5545,571661,121269,450392,21387,6013,15374
GUJARAT,Narmada,487,60378,24508,35870,51454,4704,46750,14119,2295,11824,96990,26447,70543,5839,1453,4386
GUJARAT,Navsari,490,229692,137440,92252,42448,8673,33775,8035,2696,5339,416181,117118,299063,17197,5856,11341
GUJARAT,Panch Mahals,484,164682,63099,101583,262623,8926,253697,45870,3261,42609,314982,50124,264858,15339,2701,12638
GUJARAT,Patan,470,133622,58636,74986,68403,5547,62856,9413,1916,7497,292917,58918,233999,9868,2318,7550
GUJARAT,Porbandar,478,72170,48297,23873,20731,4247,16484,3670,1323,2347,162848,40462,122386,5392,1759,3633
GUJARAT,Rajkot,476,595893,435378,160515,97096,20383,76713,11291,4702,6589,1135266,258217,877049,29325,9060,20265
GUJARAT,Sabar Kantha,472,250277,83503,166774,176278,8776,167502,31074,3451,27623,432532,79612,352920,26614,4426,22188
GUJARAT,Surat,492,1685202,1479789,205413,95615,40219,55396,16738,8159,8579,2010413,580172,1430241,41137,15033,26104
GUJARAT,Surendranagar,475,184725,96547,88178,86209,5883,80326,17595,2484,15111,411723,81037,330686,18276,4064,14212
GUJARAT,Tapi,493,118578,47242,71336,50654,7543,43111,11283,2525,8758,107077,29414,77663,5836,1677,4159
GUJARAT,The Dangs,489,30655,8109,22546,16283,1189,15094,4129,571,3558,25482,9950,15532,1191,283,908
GUJARAT,Vadodara,486,589072,412257,176815,209396,31242,178154,39001,11033,27968,1180585,310539,870046,47826,16134,31692
GUJARAT,Valsad,491,277037,191448,85589,82519,15848,66671,18983,4572,14411,461217,129294,331923,21271,6376,14895
HARYANA,Ambala,70,106895,79506,27389,21829,10448,11381,8643,4603,4040,371002,71593,299409,28617,7264,21353
HARYANA,Bhiwani,81,124361,44269,80092,102048,7968,94080,23904,4287,19617,332417,41032,291385,29164,5194,23970
HARYANA,Faridabad,88,342540,283323,59217,56057,32315,23742,20917,13355,7562,683066,200766,482300,43266,16289,26977
HARYANA,Fatehabad,78,104094,56401,47693,51062,7638,43424,17035,4206,12829,222711,40290,182421,17237,2820,14417
HARYANA,Gurgaon,86,310267,232508,77759,36010,13135,22875,10177,5258,4919,530347,135917,394430,26327,7371,18956
HARYANA,Hisar,80,183085,86443,96642,98136,17089,81047,28675,9621,19054,392143,72509,319634,34193,7906,26287
HARYANA,Jhajjar,83,78560,43517,35043,37633,5981,31652,10245,2998,7247,250185,35659,214526,19664,3675,15989
HARYANA,Jind,77,115766,50784,64982,80396,8458,71938,19628,4316,15312,294020,46752,247268,22867,4647,18220
HARYANA,Kaithal,73,77982,41390,36592,42400,6619,35781,16376,3842,12534,277765,36949,240816,23615,3111,20504
HARYANA,Karnal,74,136229,86882,49347,51211,13417,37794,25040,7294,17746,416737,69996,346741,36598,5936,30662
HARYANA,Kurukshetra,72,98283,62623,35660,29113,6115,22998,11520,3147,8373,293391,56768,236623,23893,3943,19950
HARYANA,Mahendragarh,84,50573,17729,32844,70213,5071,65142,17329,3025,14304,214361,28228,186133,20311,2526,17785
HARYANA,Mewat,87,36967,13754,23213,34079,3870,30209,8836,2104,6732,193224,14442,178782,8369,976,7393
HARYANA,Palwal,89,50685,27279,23406,43750,8453,35297,13278,4587,8691,232490,26992,205498,12834,2596,10238
HARYANA,Panchkula,69,114048,83317,30731,15900,5462,10438,5404,2346,3058,215644,62439,153205,17751,4778,12973
HARYANA,Panipat,75,164483,120019,44464,41711,14276,27435,13795,6096,7699,348383,74079,274304,22691,5582,17109
HARYANA,Rewari,85,87865,41465,46400,53443,5024,48419,12077,2771,9306,218346,33913,184433,14781,2444,12337
HARYANA,Rohtak,82,93785,52538,41247,25961,4973,20988,7377,2644,4733,275377,43900,231477,22036,4620,17416
HARYANA,Sirsa,79,148529,91159,57370,67584,11444,56140,21500,5813,15687,353981,75934,278047,25216,5574,19642
HARYANA,Sonipat,76,147774,87388,60386,69845,15242,54603,23571,7879,15692,370411,67216,303195,32710,7084,25626
HARYANA,Yamunanagar,71,113310,88907,24403,19291,7377,11914,7611,3664,3947,365706,58580,307126,24423,4994,19429
HIMACHAL PRADESH,Bilaspur,30,37839,10766,27073,57180,2674,54506,19117,1253,17864,48129,8174,39955,6315,840,5475
HIMACHAL PRADESH,Chamba,23,36832,13741,23091,72954,5883,67071,26634,3181,23453,50249,11123,39126,6752,1264,5488
HIMACHAL PRADESH,Hamirpur,28,61693,14632,47061,66628,5334,61294,17740,1967,15773,67536,14599,52937,7171,1066,6105
HIMACHAL PRADESH,Kangra,24,105047,50463,54584,181245,22089,159156,55994,10266,45728,303643,55361,248282,43569,5321,38248
HIMACHAL PRADESH,Kinnaur,34,22266,12006,10260,3612,1045,2567,1538,551,987,7980,2607,5373,878,219,659
HIMACHAL PRADESH,Kullu,26,80958,28140,52818,26735,3243,23492,10796,1656,9140,43811,12575,31236,6773,1611,5162
HIMACHAL PRADESH,Lahul & Spiti,25,5881,1941,3940,1574,689,885,775,405,370,2451,878,1573,290,71,219
HIMACHAL PRADESH,Mandi,27,101744,26991,74753,137288,9900,127388,63415,5071,58344,89318,19336,69982,16714,2144,14570
HIMACHAL PRADESH,Shimla,33,164660,85759,78901,67458,10543,56915,21661,5043,16618,161797,50783,111014,21585,7121,14464
HIMACHAL PRADESH,Sirmaur,32,71363,25448,45915,33846,3109,30737,5968,1235,4733,71982,15436,56546,6220,1249,4971
HIMACHAL PRADESH,Solan,31,108215,59263,48952,39555,5670,33885,10587,2384,8203,110880,29418,81462,9702,2308,7394
HIMACHAL PRADESH,Una,29,45833,22171,23662,40049,4775,35274,9722,2322,7400,118836,20568,98268,13078,1641,11437
JAMMU & KASHMIR,Anantnag,14,23210,15113,8097,69899,8898,61001,29651,6276,23375,88628,19416,69212,14821,2230,12591
JAMMU & KASHMIR,Badgam,2,12535,6991,5544,16712,2608,14104,7665,1679,5986,70534,6954,63580,16442,1190,15252
JAMMU & KASHMIR,Bandipore,9,8155,4929,3226,17089,2707,14382,5768,1694,4074,32263,5702,26561,5404,1198,4206
JAMMU & KASHMIR,Baramula,8,26427,18386,8041,23459,8065,15394,11245,4404,6841,144276,24891,119385,22264,3718,18546
JAMMU & KASHMIR,Doda,16,14800,8047,6753,26138,2388,23750,8949,1476,7473,48887,8767,40120,9469,1491,7978
JAMMU & KASHMIR,Ganderbal,11,11274,8687,2587,15101,5513,9588,8616,4009,4607,43992,13147,30845,7641,1672,5969
JAMMU & KASHMIR,Jammu,21,168173,126756,41417,42706,18701,24005,16969,8286,8683,467334,109496,357838,62503,16415,46088
JAMMU & KASHMIR,Kargil,4,4054,2428,1626,3866,1254,2612,2155,814,1341,12882,3068,9814,3178,557,2621
JAMMU & KASHMIR,Kathua,7,35864,22147,13717,18029,6123,11906,7182,2536,4646,151420,21769,129651,21122,2969,18153
JAMMU & KASHMIR,Kishtwar,18,5126,1931,3195,7921,1235,6686,3267,658,2609,17208,2278,14930,4931,345,4586
JAMMU & KASHMIR,Kulgam,15,8566,4902,3664,25728,2344,23384,8060,1227,6833,37491,5132,32359,6120,627,5493
JAMMU & KASHMIR,Kupwara,1,13084,8790,4294,14586,5849,8737,8022,4278,3744,88551,19131,69420,17182,2546,14636
JAMMU & KASHMIR,Leh(Ladakh),3,12599,7061,5538,5584,1945,3639,1756,715,1041,15741,5643,10098,2681,775,1906
JAMMU & KASHMIR,Pulwama,12,12948,8078,4870,27177,5112,22065,11523,3451,8072,75319,10269,65050,15024,1744,13280
JAMMU & KASHMIR,Punch,5,10242,6747,3495,15323,4655,10668,5801,2620,3181,39966,9794,30172,7446,1557,5889
JAMMU & KASHMIR,Rajouri,6,22517,13377,9140,45502,10111,35391,15290,5555,9735,61858,15001,46857,9527,2086,7441
JAMMU & KASHMIR,Ramban,17,7465,4551,2914,8455,1924,6531,3338,1161,2177,30216,3513,26703,4619,528,4091
JAMMU & KASHMIR,Reasi,20,17515,9728,7787,24351,1969,22382,4847,907,3940,26257,6503,19754,2626,614,2012
JAMMU & KASHMIR,Samba,22,16723,11540,5183,5384,2233,3151,2285,1149,1136,93396,11833,81563,12156,1634,10522
JAMMU & KASHMIR,Shupiyan,13,6663,3624,3039,11046,1785,9261,4304,1221,3083,33103,3520,29583,4375,478,3897
JAMMU & KASHMIR,Srinagar,10,56164,46906,9258,16837,8342,8495,8923,4588,4335,124178,38006,86172,26963,9258,17705
JAMMU & KASHMIR,Udhampur,19,42595,24903,17692,42703,3814,38889,8858,1662,7196,85834,15303,70531,11606,1750,9856
JHARKHAND,Bokaro,355,157085,116479,40606,120084,16859,103225,56363,10732,45631,452345,76419,375926,53669,12332,41337
JHARKHAND,Chatra,347,53152,9826,43326,87145,4527,82618,41495,2835,38660,128223,8947,119276,17064,1111,15953
JHARKHAND,Deoghar,350,75285,27958,47327,97676,6974,90702,38566,4143,34423,244149,23715,220434,24354,3525,20829
JHARKHAND,Dhanbad,354,205625,158969,46656,112733,25716,87017,50659,16411,34248,589774,104872,484902,64811,17004,47807
JHARKHAND,Dumka,362,70336,21463,48873,158833,15932,142901,77205,10234,66971,152726,20415,132311,20683,2823,17860
JHARKHAND,Garhwa,346,48287,13747,34540,169859,10984,158875,90422,7379,83043,128875,14346,114529,22649,1866,20783
JHARKHAND,Giridih,349,96250,22934,73316,287815,11159,276656,92333,6450,85883,263340,18802,244538,28811,2331,26480
JHARKHAND,Godda,351,57310,16342,40968,128234,8247,119987,60659,5616,55043,158196,14407,143789,22555,2069,20486
JHARKHAND,Gumla,366,94988,19286,75702,86376,6581,79795,38710,3519,35191,92181,21431,70750,12600,2693,9907
JHARKHAND,Hazaribagh,360,90593,34478,56115,154194,10098,144096,69096,6347,62749,263831,33238,230593,32572,4264,28308
JHARKHAND,Jamtara,363,31439,12260,19179,71172,6264,64908,35860,4425,31435,120283,11303,108980,17311,1887,15424
JHARKHAND,Khunti,365,54550,10100,44450,44019,3586,40433,16211,2020,14191,47636,9863,37773,5717,1282,4435
JHARKHAND,Kodarma,348,34060,11965,22095,51173,2596,48577,14791,1084,13707,115574,9493,106081,7978,733,7245
JHARKHAND,Latehar,359,36812,9658,27154,80579,5862,74717,44969,4014,40955,67341,10353,56988,11114,1398,9716
JHARKHAND,Lohardaga,356,33026,8069,24957,48077,3109,44968,22392,1834,20558,41222,8426,32796,4884,762,4122
JHARKHAND,Pakur,353,75305,19992,55313,61380,4939,56441,27582,3056,24526,86000,12260,73740,7019,943,6076
JHARKHAND,Palamu,358,74910,26760,48150,170506,18629,151877,85599,12504,73095,284975,29704,255271,39513,4063,35450
JHARKHAND,Pashchimi Singhbhum,368,95444,26695,68749,129668,5226,124442,60160,2939,57221,137715,19303,118412,14454,2241,12213
JHARKHAND,Purbi Singhbhum,357,199398,150980,48418,109763,14300,95463,48450,8131,40319,457458,88779,368679,39799,9598,30201
JHARKHAND,Ramgarh,361,71906,41868,30038,39555,6585,32970,17675,4443,13232,180430,27618,152812,18869,4401,14468
JHARKHAND,Ranchi,364,308211,164521,143690,165125,28104,137021,74501,15705,58796,533823,135768,398055,78462,24483,53979
JHARKHAND,Sahibganj,352,86726,24502,62224,73044,6480,66564,29264,3885,25379,113456,14248,99208,11159,1428,9731
JHARKHAND,Saraikela-Kharsawan,369,85659,53474,32185,77410,7795,69615,35058,4315,30743,186728,30575,156153,18742,3554,15188
JHARKHAND,Simdega,367,46169,10376,35793,54534,3520,51014,21969,1753,20216,51941,9400,42541,5750,1132,4618
KARNATAKA,Bagalkot,556,282958,137503,145455,73280,17367,55913,19686,6444,13242,478334,155177,323157,19752,7171,12581
KARNATAKA,Bangalore,572,2355200,1761975,593225,228948,129183,99765,57057,33894,23163,2556607,814866,1741741,155061,53395,101666
KARNATAKA,Bangalore Rural,583,173481,96990,76491,39438,12211,27227,7671,3028,4643,230994,53617,177377,11866,2708,9158
KARNATAKA,Belgaum,555,734841,381860,352981,218902,45883,173019,37938,13458,24480,1342179,420424,921755,53683,18830,34853
KARNATAKA,Bellary,565,356852,166282,190570,65887,15825,50062,13164,4089,9075,438393,121600,316793,19623,6323,13300
KARNATAKA,Bidar,558,192139,67358,124781,72105,14963,57142,22968,5850,17118,296218,63800,232418,18990,4926,14064
KARNATAKA,Bijapur,557,294111,127135,166976,85725,22153,63572,24860,8354,16506,465728,146088,319640,22754,8087,14667
KARNATAKA,Chamarajanagar,578,102268,48795,53473,35425,9916,25509,7840,2550,5290,196849,39986,156863,11400,2643,8757
KARNATAKA,Chikkaballapura,582,199890,64808,135082,50283,8375,41908,9080,2335,6745,196157,47091,149066,11769,2648,9121
KARNATAKA,Chikmagalur,570,210127,104148,105979,49943,10935,39008,8866,2973,5893,267540,68553,198987,14330,3933,10397
KARNATAKA,Chitradurga,566,240055,100172,139883,91335,16528,74807,17279,5028,12251,277643,76908,200735,18305,5236,13069
KARNATAKA,Dakshina Kannada,575,430538,224499,206039,45947,16591,29356,7021,3957,3064,586030,194807,391223,19745,6916,12829
KARNATAKA,Davanagere,567,272242,148226,124016,83054,26691,56363,17805,7064,10741,454250,123044,331206,24686,7564,17122
KARNATAKA,Dharwad,562,312473,188699,123774,51095,16637,34458,10620,5561,5059,502454,164241,338213,22290,8393,13897
KARNATAKA,Gadag,561,180318,88309,92009,39617,10140,29477,8552,3493,5059,275632,90761,184871,12405,4774,7631
KARNATAKA,Gulbarga,579,319987,136586,183401,121622,29117,92505,35730,10014,25716,467726,132138,335588,32059,9905,22154
KARNATAKA,Hassan,574,309490,131153,178337,90576,13117,77459,12092,3947,8145,364007,84005,280002,23112,6839,16273
KARNATAKA,Haveri,564,217391,112179,105212,65644,13984,51660,13731,4761,8970,407544,118544,289000,16574,5092,11482
KARNATAKA,Kodagu,576,123604,63085,60519,10449,3553,6896,1684,829,855,134553,39961,94592,6190,1835,4355
KARNATAKA,Kolar,581,206306,81419,124887,62350,12442,49908,12950,3353,9597,250256,56312,193944,15621,3763,11858
KARNATAKA,Koppal,560,202552,87935,114617,72616,15336,57280,20142,5502,14640,258773,79091,179682,12569,3780,8789
KARNATAKA,Mandya,573,248345,112565,135780,81592,15455,66137,10377,3621,6756,387252,83108,304144,19067,4811,14256
KARNATAKA,Mysore,577,437095,267334,169761,116256,39431,76825,20708,9228,11480,740331,196421,543910,39756,13514,26242
KARNATAKA,Raichur,559,272734,114001,158733,83957,18095,65862,26141,6938,19203,305572,90755,214817,16349,4961,11388
KARNATAKA,Ramanagara,584,167110,73585,93525,35937,9020,26917,5818,2335,3483,212070,49776,162294,11093,3064,8029
KARNATAKA,Shimoga,568,261806,149336,112470,68819,17719,51100,14224,5695,8529,441695,116242,325453,21167,6180,14987
KARNATAKA,Tumkur,571,426258,184271,241987,156807,27899,128908,24694,7651,17043,581956,156156,425800,31260,9222,22038
KARNATAKA,Udupi,569,182743,113225,69518,20575,9077,11498,3184,1806,1378,354634,117389,237245,12092,4060,8032
KARNATAKA,Uttara Kannada,563,211075,132526,78549,58626,17229,41397,12851,6628,6223,453055,137682,315373,25804,8166,17638
KARNATAKA,Yadgir,580,137000,42074,94926,47029,5770,41259,12425,2402,10023,153910,37205,116705,7258,2049,5209
KERALA,Alappuzha,598,265741,161000,104741,113799,43104,70695,54215,22059,32156,774553,245795,528758,170216,41657,128559
KERALA,Ernakulam,595,513662,342189,171473,104353,43773,60580,49145,21061,28084,1219368,370638,848730,216604,48907,167697
KERALA,Idukki,596,242921,159296,83625,66507,25958,40549,27380,11568,15812,368030,123864,244166,65342,17997,47345
KERALA,Kannur,589,317646,233656,83990,64285,31165,33120,29730,14828,14902,953285,327737,625548,173314,46049,127265
KERALA,Kasaragod,588,170175,115633,54542,45932,21771,24161,19645,10692,8953,474667,160886,313781,74329,21123,53206
KERALA,Kollam,600,274976,179381,95595,95939,51231,44708,48177,25713,22464,860082,268722,591360,205299,48527,156772
KERALA,Kottayam,597,331616,224073,107543,84363,34912,49451,41913,17907,24006,883191,282559,600632,169300,44142,125158
KERALA,Kozhikode,591,349214,272892,76322,108515,54973,53542,58470,29674,28796,1342181,428864,913317,274802,63244,211558
KERALA,Malappuram,592,257180,197246,59934,75990,41485,34505,41212,23175,18037,1529560,426713,1102847,228696,47677,181019
KERALA,Palakkad,593,342174,210212,131962,75282,31132,44150,33175,15420,17755,971831,287677,684154,152774,34263,118511
KERALA,Pathanamthitta,599,146868,98240,48628,56031,26887,29144,26719,12772,13947,516161,154635,361526,102079,27719,74360
KERALA,Thiruvananthapuram,601,402894,290741,112153,143514,73144,70370,82626,40741,41885,1004341,335784,668557,246833,60778,186055
KERALA,Thrissur,594,449172,298291,150881,94134,37339,56795,42760,17623,25137,1278343,380100,898243,214148,48414,165734
KERALA,Wayanad,590,137499,93357,44142,42045,17642,24403,19591,8772,10819,315399,107738,207661,55623,13122,42501
LAKSHADWEEP,Lakshadweep,587,6368,5421,947,2202,1833,369,1534,1215,319,11831,4643,7188,3184,1267,1917
MADHYA PRADESH,Alirajpur,465,94758,11257,83501,39614,1752,37862,17514,874,16640,45408,11933,33475,3019,588,2431
MADHYA PRADESH,Anuppur,461,90402,39734,50668,53453,6426,47027,27233,3930,23303,112112,23495,88617,12024,3061,8963
MADHYA PRADESH,Ashoknagar,459,59348,25807,33541,38918,3459,35459,13991,2147,11844,160267,18263,142004,10812,1362,9450
MADHYA PRADESH,Balaghat,457,207892,58661,149231,173818,19378,154440,89092,13247,75845,185799,43774,142025,17513,3993,13520
MADHYA PRADESH,Barwani,441,203460,45793,157667,62706,5005,57701,25852,3035,22817,153085,39799,113286,8676,1929,6747
MADHYA PRADESH,Betul,447,193827,76606,117221,119493,15057,104436,55660,9250,46410,210839,54453,156386,19995,5150,14845
MADHYA PRADESH,Bhind,420,74026,47336,26690,35743,8893,26850,10941,5584,5357,418823,39806,379017,20565,4747,15818
MADHYA PRADESH,Bhopal,444,376216,276538,99678,88922,35949,52973,41621,19838,21783,604290,187428,416862,70242,23590,46652
MADHYA PRADESH,Burhanpur,467,100385,41852,58533,24238,4268,19970,11603,2741,8862,115996,28956,87040,6127,1398,4729
MADHYA PRADESH,Chhatarpur,425,186667,51950,134717,112295,7942,104353,45224,4589,40635,238899,40856,198043,28160,4232,23928
MADHYA PRADESH,Chhindwara,455,250378,101183,149195,128888,18235,110653,61837,11623,50214,321297,76985,244312,28017,7350,20667
MADHYA PRADESH,Damoh,428,129754,42608,87146,100642,11710,88932,45241,7356,37885,179902,28347,151555,17920,2667,15253
MADHYA PRADESH,Datia,422,63138,20162,42976,43933,2514,41419,9354,1267,8087,136844,13999,122845,10472,1540,8932
MADHYA PRADESH,Dewas,437,213058,90682,122376,130751,14512,116239,36576,7302,29274,282687,75585,207102,13697,3652,10045
MADHYA PRADESH,Dhar,438,334851,112041,222810,127335,14933,112402,54779,7522,47257,334408,90788,243620,17220,4398,12822
MADHYA PRADESH,Dindori,453,93242,20825,72417,60274,8820,51454,33552,5521,28031,50561,14443,36118,5081,1253,3828
MADHYA PRADESH,Guna,458,111443,48715,62728,92509,9477,83032,27890,5400,22490,187691,31169,156522,14549,2548,12001
MADHYA PRADESH,Gwalior,421,178465,127772,50693,59802,15471,44331,20573,7791,12782,439390,95038,344352,29831,10435,19396
MADHYA PRADESH,Harda,448,65450,37311,28139,36882,7870,29012,16544,4787,11757,130818,31098,99720,8153,2017,6136
MADHYA PRADESH,Hoshangabad,449,126749,72393,54356,57363,10355,47008,26693,6593,20100,282767,57834,224933,22198,5976,16222
MADHYA PRADESH,Indore,439,544449,367891,176558,73617,21636,51981,28053,9948,18105,799823,218045,581778,47824,15309,32515
MADHYA PRADESH,Jabalpur,451,255126,146689,108437,111807,26873,84934,63938,16203,47735,445803,102747,343056,45779,11573,34206
MADHYA PRADESH,Jhabua,464,151638,22531,129107,64212,5235,58977,35716,3183,32533,103650,35986,67664,6808,1618,5190
MADHYA PRADESH,Katni,450,109321,44309,65012,112264,14573,97691,58997,9588,49409,210341,36807,173534,22322,3285,19037
MADHYA PRADESH,Khandwa (East Nimar),466,208442,78130,130312,64120,10427,53693,28185,6502,21683,199484,53866,145618,11818,3143,8675
MADHYA PRADESH,Khargone (West Nimar),440,322425,93391,229034,72231,8861,63370,30745,4929,25816,259589,70766,188823,16461,4179,12282
MADHYA PRADESH,Mandla,454,126068,36384,89684,104738,17126,87612,64588,11640,52948,102978,28067,74911,12618,3193,9425
MADHYA PRADESH,Mandsaur,433,207359,54471,152888,88340,7452,80888,25812,4135,21677,210608,50679,159929,10070,2441,7629
MADHYA PRADESH,Morena,419,125755,63101,62654,79588,10469,69119,15408,6252,9156,413490,49947,363543,21104,4475,16629
MADHYA PRADESH,Narsimhapur,452,123231,48756,74475,61198,8779,52419,30873,5852,25021,205826,33905,171921,17193,3175,14018
MADHYA PRADESH,Neemuch,432,150032,40920,109112,34251,4351,29900,14889,2664,12225,133061,34934,98127,8229,1961,6268
MADHYA PRADESH,Panna,426,84687,22382,62305,79546,6716,72830,36439,4429,32010,134618,20611,114007,16351,1874,14477
MADHYA PRADESH,Raisen,446,127297,72393,54904,76949,13114,63835,34207,8552,25655,258331,46032,212299,21966,3836,18130
MADHYA PRADESH,Rajgarh,442,152699,35260,117439,152773,8591,144182,63941,5297,58644,181558,31381,150177,18949,2519,16430
MADHYA PRADESH,Ratlam,434,180062,59479,120583,114960,11679,103281,58441,7173,51268,228900,58646,170254,15048,3523,11525
MADHYA PRADESH,Rewa,430,208252,55561,152691,178473,18018,160455,63663,9364,54299,333860,49849,284011,36082,5659,30423
MADHYA PRADESH,Sagar,427,253187,95390,157797,123600,13105,110495,46288,7773,38515,376583,58928,317655,37747,5885,31862
MADHYA PRADESH,Satna,429,223465,85847,137618,155975,18973,137002,63563,11353,52210,363425,62288,301137,34449,6143,28306
MADHYA PRADESH,Sehore,445,121981,50231,71750,125752,11780,113972,41959,7264,34695,208741,48730,160011,16234,3268,12966
MADHYA PRADESH,Seoni,456,153185,54917,98268,139460,18875,120585,74921,12903,62018,178743,43895,134848,16555,3649,12906
MADHYA PRADESH,Shahdol,460,91402,36616,54786,117234,15391,101843,69108,10173,58935,140228,26918,113310,17003,3365,13638
MADHYA PRADESH,Shajapur,436,172123,46706,125417,128871,8756,120115,44831,5324,39507,245379,55148,190231,15563,2957,12606
MADHYA PRADESH,Sheopur,418,55147,18223,36924,45614,3061,42553,17201,2079,15122,98574,13606,84968,7024,1062,5962
MADHYA PRADESH,Shivpuri,423,196647,53758,142889,107190,8880,98310,26680,4750,21930,218096,36483,181613,15465,3336,12129
MADHYA PRADESH,Sidhi,462,90380,23048,67332,88156,8292,79864,34559,4638,29921,149226,20030,129196,15820,1655,14165
MADHYA PRADESH,Singrauli,463,146818,59610,87208,79473,9498,69975,23569,4863,18706,140742,29210,111532,9373,2576,6797
MADHYA PRADESH,Tikamgarh,424,144785,22331,122454,111625,4909,106716,36757,2686,34071,162599,16913,145686,18342,1798,16544
MADHYA PRADESH,Ujjain,435,273143,115905,157238,127086,18195,108891,47645,10353,37292,400271,104890,295381,22288,6145,16143
MADHYA PRADESH,Umaria,431,50937,20573,30364,71549,10171,61378,40173,6534,33639,89486,17773,71713,12351,2027,10324
MADHYA PRADESH,Vidisha,443,113052,59649,53403,77480,10509,66971,31341,6581,24760,276908,42646,234262,21967,3427,18540
MAHARASHTRA,Ahmadnagar,522,1124417,494994,629423,102492,33295,69197,29634,13337,16297,1265991,482959,783032,53036,23422,29614
MAHARASHTRA,Akola,501,299316,138241,161075,40524,11392,29132,14551,5459,9092,453881,128406,325475,19508,7367,12141
MAHARASHTRA,Amravati,503,442503,211059,231444,89921,23670,66251,35544,12757,22787,730877,206117,524760,42722,13599,29123
MAHARASHTRA,Aurangabad,515,766268,368481,397787,79483,24969,54514,23316,10489,12827,944468,310180,634288,35460,14256,21204
MAHARASHTRA,Bhandara,506,190829,68103,122726,98791,16707,82084,51615,10238,41377,232173,69566,162607,21197,6597,14600
MAHARASHTRA,Bid,523,471424,107738,363686,52215,9264,42951,15403,4013,11390,373289,99238,274051,17385,6087,11298
MAHARASHTRA,Buldana,500,525238,180045,345193,62512,14452,48060,18982,6558,12424,599876,197621,402255,20649,8674,11975
MAHARASHTRA,Chandrapur,509,437584,224445,213139,149702,37272,112430,80608,23544,57064,586631,196632,389999,42196,16860,25336
MAHARASHTRA,Dhule,498,417827,200598,217229,67715,18901,48814,15980,6523,9457,569595,212380,357215,21308,10375,10933
MAHARASHTRA,Gadchiroli,508,196553,88289,108264,104575,28721,75854,55151,17530,37621,219721,83173,136548,19184,6960,12224
MAHARASHTRA,Gondiya,507,183882,61791,122091,121812,18956,102856,52675,10183,42492,221139,57166,163973,16407,3932,12475
MAHARASHTRA,Hingoli,512,208482,43507,164975,29328,4036,25292,8836,1648,7188,167525,40275,127250,6778,2246,4532
MAHARASHTRA,Jalgaon,499,873009,426549,446460,133987,42672,91315,42503,18327,24176,1261104,443028,818076,52015,23959,28056
MAHARASHTRA,Jalna,514,350058,87495,262563,45620,9351,36269,12151,3578,8573,299141,81824,217317,10568,3658,6910
MAHARASHTRA,Kolhapur,530,813144,452531,360613,133212,35726,97486,25983,13364,12619,1345453,452986,892467,57310,24884,32426
MAHARASHTRA,Latur,524,389585,128656,260929,46172,10572,35600,10444,3446,6998,484544,123255,361289,16854,6127,10727
MAHARASHTRA,Mumbai,519,587737,503505,84232,32081,20520,11561,8270,5689,2581,613502,179445,434057,30695,13172,17523
MAHARASHTRA,Mumbai Suburban,518,1928168,1628776,299392,109942,69874,40068,28381,20283,8098,2233452,667601,1565851,94592,41587,53005
MAHARASHTRA,Nagpur,505,816888,520431,296457,120130,45497,74633,48356,21806,26550,1177877,344580,833297,72300,25665,46635
MAHARASHTRA,Nanded,511,518073,160919,357154,94455,18082,76373,33498,8834,24664,567512,144861,422651,30911,10070,20841
MAHARASHTRA,Nandurbar,497,274583,110409,164174,62387,13049,49338,20100,5376,14724,321777,123460,198317,16000,7508,8492
MAHARASHTRA,Nashik,516,1473710,781694,692016,151563,50242,101321,38471,16519,21952,1809280,674809,1134471,65808,29206,36602
MAHARASHTRA,Osmanabad,525,295971,95957,200014,39642,9240,30402,12361,4135,8226,356257,107680,248577,21581,7672,13909
MAHARASHTRA,Parbhani,513,314553,89496,225057,37194,8360,28834,10186,3181,7005,317872,81599,236273,13788,4995,8793
MAHARASHTRA,Pune,521,2512008,1674971,837037,210653,97746,112907,54880,32777,22103,3371664,1185683,2185981,145347,62704,82643
MAHARASHTRA,Raigarh,520,484593,330471,154122,110050,41910,68140,36145,16887,19258,885235,274661,610574,52396,19855,32541
MAHARASHTRA,Ratnagiri,528,282670,122353,160317,88657,18768,69889,23400,8783,14617,459715,140478,319237,25982,9711,16271
MAHARASHTRA,Sangli,531,582803,330393,252410,96258,24422,71836,20106,9291,10815,986022,325874,660148,41859,17561,24298
MAHARASHTRA,Satara,527,697341,361580,335761,122839,32392,90447,27952,13639,14313,1104254,380901,723353,56187,23596,32591
MAHARASHTRA,Sindhudurg,529,119376,69257,50119,70640,25128,45512,24494,13140,11354,334597,101844,232753,29189,9591,19598
MAHARASHTRA,Solapur,526,736426,326002,410424,72842,19549,53293,19317,8107,11210,1043307,348371,694936,41650,17717,23933
MAHARASHTRA,Thane,517,2882108,2233935,648173,350235,167901,182334,101561,50117,51444,4198390,1404568,2793822,199074,84502,114572
MAHARASHTRA,Wardha,504,297350,149985,147365,52364,15464,36900,20371,8755,11616,431787,144234,287553,28747,10645,18102
MAHARASHTRA,Washim,502,222714,67778,154936,36865,8259,28606,15816,4603,11213,234319,71877,162442,10368,3710,6658
MAHARASHTRA,Yavatmal,510,557359,220459,336900,90527,23971,66556,35415,12243,23172,592614,187048,405566,31823,12235,19588
MANIPUR,Bishnupur,275,12696,4038,8658,10093,727,9366,3727,338,3389,17708,4653,13055,2495,380,2115
MANIPUR,Chandel,280,13496,7584,5912,6489,2161,4328,1667,770,897,9441,3858,5583,1559,665,894
MANIPUR,Churachandpur,274,42509,27182,15327,18590,7540,11050,6989,3406,3583,69059,29561,39498,10258,4432,5826
MANIPUR,Imphal East,278,39111,14355,24756,19714,2564,17150,8192,1366,6826,57816,10468,47348,10635,1690,8945
MANIPUR,Imphal West,277,54134,22345,31789,20333,3829,16504,7879,1711,6168,95336,24158,71178,16978,3965,13013
MANIPUR,Senapati,272,22354,12410,9944,7544,2991,4553,2768,1362,1406,22280,8985,13295,2461,1073,1388
MANIPUR,Tamenglong,273,15598,8684,6914,4335,1941,2394,1948,911,1037,16063,7898,8165,3125,1553,1572
MANIPUR,Thoubal,276,23460,5815,17645,19990,1868,18122,7925,1055,6870,25803,4760,21043,4782,573,4209
MANIPUR,Ukhrul,279,17310,8745,8565,5938,2615,3323,2475,1209,1266,19735,9502,10233,3673,1773,1900
MEGHALAYA,East Garo Hills,294,23604,18113,5491,6807,3671,3136,1347,799,548,19436,7849,11587,2397,949,1448
MEGHALAYA,East Khasi Hills,298,94828,68559,26269,8899,4862,4037,3825,2211,1614,117759,41710,76049,10908,3623,7285
MEGHALAYA,Jaintia Hills,299,32253,21585,10668,10675,5922,4753,6054,3512,2542,44566,18915,25651,6494,2292,4202
MEGHALAYA,Ribhoi,297,29316,19940,9376,4839,2435,2404,2177,1323,854,26054,9576,16478,2495,717,1778
MEGHALAYA,South Garo Hills,295,15493,12291,3202,4197,2301,1896,1211,665,546,12280,5096,7184,742,337,405
MEGHALAYA,West Garo Hills,293,80269,58443,21826,25271,10989,14282,8042,3789,4253,99191,34825,64366,11164,3828,7336
MEGHALAYA,West Khasi Hills,296,44899,30034,14865,14459,7734,6725,5975,3598,2377,44459,20537,23922,4270,1697,2573
MIZORAM,Aizawl,283,86814,55239,31575,13708,5827,7881,3925,2248,1677,84239,29834,54405,9060,3715,5345
MIZORAM,Champhai,284,17798,10768,7030,2941,1094,1847,753,340,413,16889,6634,10255,1234,442,792
MIZORAM,Kolasib,282,16298,10985,5313,3053,1219,1834,938,525,413,18051,6989,11062,1396,489,907
MIZORAM,Lawngtlai,287,13219,8873,4346,2700,1074,1626,959,425,534,13649,5187,8462,1135,406,729
MIZORAM,Lunglei,286,21425,13975,7450,5752,1705,4047,1781,749,1032,18346,7114,11232,4210,1540,2670
MIZORAM,Mamit,281,12680,8449,4231,1096,279,817,263,95,168,9498,3554,5944,288,118,170
MIZORAM,Saiha,288,4997,3416,1581,1339,581,758,402,184,218,6930,2696,4234,738,283,455
MIZORAM,Serchhip,285,8477,5028,3449,907,335,572,343,137,206,6564,2533,4031,831,344,487
NAGALAND,Dimapur,265,78633,54995,23638,19079,7100,11979,6027,2783,3244,102466,37733,64733,13573,5648,7925
NAGALAND,Kiphire,269,7356,4505,2851,1835,726,1109,568,254,314,8780,4144,4636,1738,840,898
NAGALAND,Kohima,270,36224,24789,11435,3819,1929,1890,1280,774,506,39861,15486,24375,4845,2035,2810
NAGALAND,Longleng,268,4336,2857,1479,2066,960,1106,699,376,323,2425,1067,1358,247,125,122
NAGALAND,Mokokchung,262,23114,15830,7284,5290,2438,2852,2117,1111,1006,19878,7841,12037,2855,1143,1712
NAGALAND,Mon,261,21649,12462,9187,7687,3088,4599,3042,1453,1589,13636,5950,7686,2602,1092,1510
NAGALAND,Peren,271,13007,7735,5272,6867,2583,4284,1706,769,937,5149,2702,2447,373,174,199
NAGALAND,Phek,266,13552,8215,5337,3560,1394,2166,1422,690,732,10966,4966,6000,1757,822,935
NAGALAND,Tuensang,267,14610,8907,5703,5582,2437,3145,1716,873,843,10529,4368,6161,1546,675,871
NAGALAND,Wokha,264,18474,10786,7688,4175,1528,2647,1455,713,742,11863,4885,6978,2292,1028,1264
NAGALAND,Zunheboto,263,15027,8997,6030,8314,3421,4893,2626,1267,1359,9809,4295,5514,1797,797,1000
NCT OF DELHI,Central,95,53391,45670,7721,3280,2170,1110,1461,1050,411,65657,15380,50277,4069,1409,2660
NCT OF DELHI,East,93,310336,262826,47510,13573,9409,4164,4919,3637,1282,417948,106769,311179,23370,8935,14435
NCT OF DELHI,New Delhi,94,40326,32095,8231,2357,1541,816,1036,709,327,43192,12979,30213,4285,1479,2806
NCT OF DELHI,North,91,126517,111677,14840,6195,4329,1866,3015,2292,723,171598,41659,129939,10863,4670,6193
NCT OF DELHI,North East,92,355945,326201,29744,21052,15246,5806,8520,6707,1813,494964,108018,386946,24444,11212,13232
NCT OF DELHI,North West,90,647384,565237,82147,30971,21911,9060,14110,10908,3202,899221,221049,678172,50297,20507,29790
NCT OF DELHI,South,98,565216,483842,81374,35132,25449,9683,12564,9527,3037,734090,193301,540789,43402,18993,24409
NCT OF DELHI,South West,97,480462,409168,71294,29024,19000,10024,12115,8382,3733,675728,186919,488809,47078,18019,29059
NCT OF DELHI,West,96,429657,372694,56963,18702,13432,5270,8085,6376,1709,552596,143377,409219,28715,12605,16110
ODISHA,Anugul,384,121058,75919,45139,99141,20377,78764,47592,12844,34748,293935,58180,235755,38445,9084,29361
ODISHA,Balangir,393,117083,68145,48938,157616,26565,131051,79266,17187,62079,330570,62080,268490,45697,7422,38275
ODISHA,Baleshwar,377,121400,69194,52206,137737,14115,123622,38487,7384,31103,474369,48471,425898,54160,6016,48144
ODISHA,Bargarh,370,119101,58855,60246,134972,13620,121352,51757,8265,43492,214291,39512,174779,21886,3760,18126
ODISHA,Baudh,391,44814,21315,23499,53330,7079,46251,25778,4642,21136,67813,17631,50182,8235,1839,6396
ODISHA,Bhadrak,378,56082,39067,17015,36243,11447,24796,13247,6256,6991,379537,33309,346228,38639,4744,33895
ODISHA,Cuttack,381,191579,138592,52987,92927,24496,68431,31222,12733,18489,691907,107596,584311,73458,18067,55391
ODISHA,Debagarh,373,36277,18100,18177,45077,8833,36244,23248,6089,17159,45765,13777,31988,6213,1404,4809
ODISHA,Dhenkanal,383,67479,44629,22850,58225,13575,44650,28156,8797,19359,291525,40014,251511,39751,6468,33283
ODISHA,Gajapati,389,63047,29706,33341,57437,11750,45687,31831,7209,24622,93274,33202,60072,8132,2772,5360
ODISHA,Ganjam,388,286421,173006,113415,280768,59192,221576,134292,39547,94745,770044,185677,584367,91737,23246,68491
ODISHA,Jagatsinghapur,380,69746,45037,24709,41397,8428,32969,12577,4605,7972,306098,38565,267533,29790,5459,24331
ODISHA,Jajapur,382,74433,52820,21613,36842,13115,23727,14933,7369,7564,495963,50146,445817,43848,6455,37393
ODISHA,Jharsuguda,371,76736,52873,23863,38039,8703,29336,15483,4781,10702,151550,36072,115478,18790,5141,13649
ODISHA,Kalahandi,395,113871,58397,55474,192741,26082,166659,109934,19259,90675,249902,51154,198748,33405,5180,28225
ODISHA,Kandhamal,390,62438,29700,32738,95888,11522,84366,52417,7888,44529,122245,35034,87211,13179,3218,9961
ODISHA,Kendrapara,379,56222,37382,18840,51768,10568,41200,14863,5803,9060,375680,36195,339485,34985,4252,30733
ODISHA,Kendujhar,375,121739,65933,55806,143972,13686,130286,68931,8716,60215,324644,53853,270791,35401,4988,30413
ODISHA,Khordha,386,317606,249132,68474,72322,29543,42779,30709,14743,15966,765636,182056,583580,100100,28713,71387
ODISHA,Koraput,398,146447,78722,67725,142900,18622,124278,71747,12456,59291,206778,59351,147427,20976,5550,15426
ODISHA,Malkangiri,399,70376,40920,29456,66285,7746,58539,24747,4159,20588,86428,26494,59934,5990,1347,4643
ODISHA,Mayurbhanj,376,175100,74652,100448,309980,37615,272365,168767,25286,143481,391663,92284,299379,58021,9440,48581
ODISHA,Nabarangapur,397,93247,58423,34824,171842,23726,148116,84254,15018,69236,167357,42750,124607,19246,3392,15854
ODISHA,Nayagarh,385,46791,31457,15334,38813,10761,28052,18522,6973,11549,261630,31588,230042,37773,4455,33318
ODISHA,Nuapada,394,48035,21469,26566,83636,7961,75675,45700,5146,40554,92090,21405,70685,11148,1918,9230
ODISHA,Puri,387,90738,56782,33956,65806,11559,54247,25615,7312,18303,414647,48796,365851,60167,7041,53126
ODISHA,Rayagada,396,91257,55198,36059,113435,24800,88635,62796,15355,47441,172503,55991,116512,17851,5561,12290
ODISHA,Sambalpur,372,150085,85216,64869,89047,19516,69531,35843,11085,24758,224306,61013,163293,24522,6883,17639
ODISHA,Subarnapur,392,50233,25820,24413,57237,6921,50316,27070,4307,22763,101944,18500,83444,13955,2324,11631
ODISHA,Sundargarh,374,224468,157363,67105,148468,28128,120340,64364,14943,49421,439899,101855,338044,47832,12206,35626
PUDUCHERRY,Karaikal,637,28164,21227,6937,4740,2295,2445,1802,1015,787,68973,19137,49836,6367,1639,4728
PUDUCHERRY,Mahe,636,4251,3208,1043,634,308,326,390,173,217,15079,4867,10212,2570,661,1909
PUDUCHERRY,Puducherry,635,179883,130944,48939,18022,9039,8983,5904,3065,2839,362675,115181,247494,28163,8625,19538
PUDUCHERRY,Yanam,634,9305,7967,1338,945,515,430,301,176,125,19730,4975,14755,1042,359,683
PUNJAB,Amritsar,49,297515,218611,78904,61696,22994,38702,24931,10103,14828,661141,142107,519034,65500,16641,48859
PUNJAB,Barnala,54,74126,56077,18049,12562,4706,7856,6109,2533,3576,240116,57457,182659,19815,4353,15462
PUNJAB,Bathinda,46,195900,145355,50545,64055,17500,46555,23499,8126,15373,486684,118590,368094,43363,10607,32756
PUNJAB,Faridkot,45,69496,51555,17941,17792,5791,12001,9336,3496,5840,217580,45396,172184,22391,4465,17926
PUNJAB,Fatehgarh Sahib,40,94341,73152,21189,12780,6584,6196,5558,3279,2279,245888,61230,184658,19073,5465,13608
PUNJAB,Firozpur,43,183753,128641,55112,79761,12886,66875,33615,7240,26375,527478,88961,438517,49071,8100,40971
PUNJAB,Gurdaspur,35,162025,109793,52232,46779,17678,29101,22015,9728,12287,649935,98423,551512,76521,12790,63731
PUNJAB,Hoshiarpur,38,155967,110299,45668,40082,17236,22846,17185,8658,8527,556789,108498,448291,51453,10942,40511
PUNJAB,Jalandhar,37,305326,234376,70950,44662,21363,23299,16512,8584,7928,729136,171129,558007,55733,14712,41021
PUNJAB,Kapurthala,36,109215,82231,26984,19110,8531,10579,7836,3917,3919,282754,61363,221391,19870,4935,14935
PUNJAB,Ludhiana,41,666739,537276,129463,94204,45207,48997,33792,18129,15663,1300458,368766,931692,94039,31991,62048
PUNJAB,Mansa,47,94745,61087,33658,60598,9261,51337,20159,4650,15509,246084,66825,179259,24244,6523,17721
PUNJAB,Moga,42,139739,102232,37507,31236,13416,17820,13518,6552,6966,386379,98069,288310,40046,10394,29652
PUNJAB,Muktsar,44,88194,60919,27275,29552,4874,24678,12466,2821,9645,273133,45959,227174,21977,3579,18398
PUNJAB,Patiala,48,245565,185852,59713,46928,21324,25604,20082,10181,9901,704059,173239,530820,58291,16100,42191
PUNJAB,Rupnagar,51,98045,70589,27456,22925,10719,12206,8954,5599,3355,282872,76990,205882,27307,9213,18094
PUNJAB,Sahibzada Ajit Singh Nagar,52,207709,155509,52200,27035,14115,12920,10400,6046,4354,453403,142625,310778,38927,12802,26125
PUNJAB,Sangrur,53,164336,120485,43851,35585,12950,22635,13613,6551,7062,594969,131661,463308,51858,12439,39419
PUNJAB,Shahid Bhagat Singh Nagar,39,72819,53902,18917,15450,6746,8704,6730,3641,3089,236094,51244,184850,19081,4752,14329
PUNJAB,Tarn Taran,50,101022,69715,31307,29229,11618,17611,13547,6051,7496,342066,59132,282934,36739,7239,29500
RAJASTHAN,Ajmer,119,264301,88394,175907,124841,9506,115335,50550,4290,46260,411443,70249,341194,27316,4926,22390
RAJASTHAN,Alwar,104,438775,125973,312802,316136,13547,302589,56566,6370,50196,442681,84446,358235,33809,6260,27549
RAJASTHAN,Banswara,125,188657,30549,158108,198539,8180,190359,101634,4313,97321,139140,36098,103042,11629,1709,9920
RAJASTHAN,Baran,128,124718,43957,80761,111529,10386,101143,48082,7144,40938,173203,35036,138167,16698,3040,13658
RAJASTHAN,Barmer,115,217511,46363,171148,228530,11004,217526,98585,6074,92511,217676,34845,182831,19993,2416,17577
RAJASTHAN,Bharatpur,105,190868,44003,146865,230076,7987,222089,49318,3897,45421,293657,39111,254546,22882,4099,18783
RAJASTHAN,Bhilwara,122,354206,101013,253193,149261,11443,137818,56714,4445,52269,348687,63662,285025,24467,3152,21315
RAJASTHAN,Bikaner,101,270677,112254,158423,129027,13387,115640,37413,6540,30873,320926,77670,243256,21554,5678,15876
RAJASTHAN,Bundi,121,130797,45352,85445,94252,8515,85737,43598,4893,38705,175258,40428,134830,17080,2891,14189
RAJASTHAN,Chittaurgarh,126,276155,65344,210811,85021,6982,78039,24338,3504,20834,222366,47232,175134,14914,2436,12478
RAJASTHAN,Churu,102,191276,26694,164582,154618,5306,149312,34146,2420,31726,239249,25184,214065,15125,1983,13142
RAJASTHAN,Dausa,109,180991,26444,154547,105380,3794,101586,32369,2065,30304,185737,24125,161612,20248,2730,17518
RAJASTHAN,Dhaulpur,106,74900,25174,49726,102677,5211,97466,18410,2464,15946,169330,28836,140494,13753,1978,11775
RAJASTHAN,Dungarpur,124,59094,21597,37497,223922,15950,207972,141960,11365,130595,170159,44019,126140,24758,2902,21856
RAJASTHAN,Ganganagar,99,351338,219086,132252,168966,26340,142626,50380,14401,35979,443018,125073,317945,34829,9289,25540
RAJASTHAN,Hanumangarh,100,278483,115241,163242,135716,13362,122354,32010,6575,25435,311484,77035,234449,22783,5954,16829
RAJASTHAN,Jaipur,110,833669,427233,406436,235759,25359,210400,80363,12636,67727,1183908,258550,925358,95578,23654,71924
RAJASTHAN,Jaisalmer,114,56549,28539,28010,55263,4295,50968,24087,2416,21671,84054,17040,67014,8057,1042,7015
RAJASTHAN,Jalor,116,219831,35518,184313,120070,5235,114835,36100,2278,33822,181074,32604,148470,13189,1511,11678
RAJASTHAN,Jhalawar,129,161133,43510,117623,125711,7210,118501,42043,4131,37912,198653,36852,161801,13954,2311,11643
RAJASTHAN,Jhunjhunun,103,184588,45584,139004,180594,6782,173812,26329,2703,23626,349991,47482,302509,25654,4604,21050
RAJASTHAN,Jodhpur,113,316979,128149,188830,229402,17262,212140,88601,8713,79888,507374,116264,391110,40187,8898,31289
RAJASTHAN,Karauli,107,140019,21831,118188,114988,3962,111026,31643,2041,29602,165193,27084,138109,14353,1954,12399
RAJASTHAN,Kota,127,240625,162146,78479,100316,17001,83315,40607,9531,31076,401800,94121,307679,32323,9308,23015
RAJASTHAN,Nagaur,112,312201,59413,252788,246188,10760,235428,92668,5943,86725,441911,62315,379596,37201,5215,31986
RAJASTHAN,Pali,118,195215,68790,126425,128849,8436,120413,58524,4714,53810,352906,60227,292679,25672,3270,22402
RAJASTHAN,Pratapgarh,131,121147,17697,103450,81900,3625,78275,29356,1699,27657,66078,16104,49974,3421,641,2780
RAJASTHAN,Rajsamand,123,120396,30474,89922,110429,4881,105548,43795,2584,41211,166016,26758,139258,14123,1262,12861
RAJASTHAN,Sawai Madhopur,108,145999,31561,114438,92588,5336,87252,28366,2813,25553,162542,23895,138647,17350,3368,13982
RAJASTHAN,Sikar,111,185017,47488,137529,178021,8980,169041,39237,4670,34567,458669,42351,416318,34585,4369,30216
RAJASTHAN,Sirohi,117,89346,34847,54499,56596,3513,53083,26324,1752,24572,175564,30055,145509,12800,1457,11343
RAJASTHAN,Tonk,120,180408,28121,152287,85504,4163,81341,39221,2513,36708,165307,23803,141504,17182,2057,15125
RAJASTHAN,Udaipur,130,244799,87957,156842,284368,16118,268250,121564,8944,112620,420723,74254,346469,40816,4832,35984
SIKKIM,East District,244,62778,40899,21879,15702,6197,9505,3623,1593,2030,66448,22061,44387,7960,2502,5458
SIKKIM,North  District,241,7920,5522,2398,2193,890,1303,501,208,293,5260,1670,3590,432,101,331
SIKKIM,South District,243,21573,12459,9114,9966,2603,7363,2166,635,1531,19409,5549,13860,2193,508,1685
SIKKIM,West District,242,15751,6437,9314,6946,1299,5647,1606,435,1171,13103,3487,9616,1301,243,1058
TAMIL NADU,Ariyalur,616,99759,37376,62383,43624,11282,32342,16378,5145,11233,181455,59767,121688,16664,4857,11807
TAMIL NADU,Chennai,603,564718,445232,119486,55171,30789,24382,17065,9158,7907,750715,213284,537431,70059,21197,48862
TAMIL NADU,Coimbatore,632,793401,544998,248403,70735,31597,39138,19760,9197,10563,1017830,306712,711118,71950,19202,52748
TAMIL NADU,Cuddalore,617,360811,194142,166669,165431,49832,115599,53833,19692,34141,624042,186341,437701,67371,19577,47794
TAMIL NADU,Dharmapuri,630,221922,80173,141749,38847,9324,29523,13204,3387,9817,257727,84248,173479,20532,4392,16140
TAMIL NADU,Dindigul,612,339115,163317,175798,57552,18147,39405,19289,6589,12700,365087,110980,254107,31145,7603,23542
TAMIL NADU,Erode,610,581725,310572,271153,48071,18097,29974,11610,4991,6619,578302,188959,389343,39840,11516,28324
TAMIL NADU,Kancheepuram,604,885471,635190,250281,182731,84531,98200,58623,29625,28998,1492987,474792,1018195,142538,46656,95882
TAMIL NADU,Kanniyakumari,629,191404,131470,59934,55286,25649,29637,20578,9752,10826,488229,110856,377373,67939,12846,55093
TAMIL NADU,Karur,613,238568,116946,121622,17743,5719,12024,4606,1554,3052,279405,90480,188925,14680,4098,10582
TAMIL NADU,Krishnagiri,631,280784,138420,142364,54429,15494,38935,14169,4400,9769,375466,102843,272623,27640,7377,20263
TAMIL NADU,Madurai,623,480033,299306,180727,77822,28530,49292,25024,9510,15514,649421,194995,454426,58375,16269,42106
TAMIL NADU,Nagapattinam,618,204050,114728,89322,88432,30727,57705,28513,11595,16918,514039,150852,363187,42297,13239,29058
TAMIL NADU,Namakkal,609,387646,181514,206132,28805,9390,19415,6544,2399,4145,412331,145919,266412,27551,9284,18267
TAMIL NADU,Perambalur,615,99889,32106,67783,19109,4354,14755,5828,1504,4324,109533,43420,66113,6747,2017,4730
TAMIL NADU,Pudukkottai,621,246371,103056,143315,59380,15072,44308,20439,6445,13994,397045,128082,268963,30084,8901,21183
TAMIL NADU,Ramanathapuram,626,151139,85661,65478,44268,16911,27357,15662,6579,9083,220884,69768,151116,24775,7385,17390
TAMIL NADU,Salem,608,489581,224364,265217,53565,15866,37699,13493,5191,8302,568843,167909,400934,38877,9580,29297
TAMIL NADU,Sivaganga,622,198972,105798,93174,76138,25108,51030,24849,10092,14757,325427,100689,224738,35571,10587,24984
TAMIL NADU,Thanjavur,620,330473,189259,141214,66722,24854,41868,22857,10548,12309,760076,226965,533111,63513,19994,43519
TAMIL NADU,The Nilgiris,611,169835,91959,77876,18157,8816,9341,7147,3786,3361,180195,58824,121371,21452,6155,15297
TAMIL NADU,Theni,624,162909,83655,79254,19596,7239,12357,6373,2592,3781,218169,65676,152493,17366,5091,12275
TAMIL NADU,Thiruvallur,602,780396,576779,203617,162220,76964,85256,55270,29213,26057,1308510,397628,910882,130386,39937,90449
TAMIL NADU,Thiruvarur,619,165125,89262,75863,62772,21150,41622,20153,8530,11623,374641,105770,268871,36074,11023,25051
TAMIL NADU,Thoothukkudi,627,257490,154574,102916,37966,13746,24220,10743,4524,6219,399914,116040,283874,30550,8052,22498
TAMIL NADU,Tiruchirappalli,614,470233,263507,206726,67565,25758,41807,19877,8855,11022,711871,224575,487296,58717,18416,40301
TAMIL NADU,Tirunelveli,628,438119,197840,240279,61678,21401,40277,16044,6885,9159,579593,179496,400097,48253,14104,34149
TAMIL NADU,Tiruppur,633,730432,453698,276734,59765,25822,33943,13675,6126,7549,743728,232770,510958,39443,9733,29710
TAMIL NADU,Tiruvannamalai,606,318647,120968,197679,106157,22542,83615,31478,9752,21726,400243,112113,288130,37089,8953,28136
TAMIL NADU,Vellore,605,501909,276970,224939,142928,45095,97833,41034,16439,24595,884644,248871,635773,86015,23378,62637
TAMIL NADU,Viluppuram,607,418003,169887,248116,170502,44040,126462,52574,17438,35136,591688,177542,414146,54665,14829,39836
TAMIL NADU,Virudhunagar,625,335321,179317,156004,40433,13921,26512,11035,4272,6763,364216,117349,246867,29597,8428,21169
TELANGANA,Adilabad,532,542558,242244,300314,141411,41889,99522,75034,24259,50775,543527,185363,358164,54728,19797,34931
TELANGANA,Hyderabad,536,671381,525020,146361,201526,115053,86473,72319,42855,29464,1237291,447150,790141,121592,46750,74842
TELANGANA,Karimnagar,534,748272,278431,469841,157549,34443,123106,68417,17861,50556,709274,220178,489096,55449,18820,36629
TELANGANA,Khammam,541,582758,255011,327747,105148,30164,74984,48290,15349,32941,589408,191385,398023,39566,12508,27058
TELANGANA,Mahbubnagar,538,852096,263758,588338,150993,34453,116540,73762,17723,56039,663228,221894,441334,49453,14230,35223
TELANGANA,Medak,535,593667,225920,367747,139435,34502,104933,64304,16562,47742,640011,192282,447729,50935,14637,36298
TELANGANA,Nalgonda,539,709280,248719,460561,149025,26498,122527,67390,13060,54330,682599,218621,463978,52822,13897,38925
TELANGANA,Nizamabad,533,509873,174680,335193,109499,30549,78950,49866,15667,34199,457773,152637,305136,33512,11356,22156
TELANGANA,Rangareddy,537,1299370,877505,421865,263421,118673,144748,85192,37702,47490,1984123,685065,1299058,141970,51070,90900
TELANGANA,Warangal,540,668701,246743,421958,149510,27053,122457,67909,13070,54839,660526,216222,444304,51481,15090,36391
TRIPURA,Dhalai,291,34687,25928,8759,16791,4473,12318,11047,3345,7702,61622,15141,46481,16697,2016,14681
TRIPURA,North Tripura,292,60609,45336,15273,24181,8223,15958,16046,6049,9997,146113,31420,114693,45823,7801,38022
TRIPURA,South Tripura,290,85160,62391,22769,44907,9967,34940,27708,6728,20980,162683,28662,134021,49094,3772,45322
TRIPURA,West Tripura,289,207523,153084,54439,89361,21664,67697,59495,15516,43979,365986,78117,287869,121688,15048,106640
UTTAR PRADESH,Agra,146,274032,184512,89520,133488,43424,90064,38867,18126,20741,916648,146468,770180,60552,14808,45744
UTTAR PRADESH,Aligarh,143,222361,133491,88870,125866,28953,96913,30357,13527,16830,770998,115388,655610,39962,9557,30405
UTTAR PRADESH,Allahabad,175,396566,173713,222853,347651,68699,278952,122274,35998,86276,985136,191983,793153,114779,33554,81225
UTTAR PRADESH,Ambedkar Nagar,178,96210,25085,71125,129325,14103,115222,46065,6792,39273,388568,29104,359464,45841,3526,42315
UTTAR PRADESH,Auraiya,162,62736,34398,28338,43684,7322,36362,13240,4146,9094,299094,28181,270913,22704,3452,19252
UTTAR PRADESH,Azamgarh,191,179430,43251,136179,223995,22384,201611,70630,10893,59737,816262,56513,759749,79813,6603,73210
UTTAR PRADESH,Baghpat,139,60570,28206,32364,29848,5063,24785,5728,2498,3230,262499,20062,242437,10189,1533,8656
UTTAR PRADESH,Bahraich,180,119836,48518,71318,135685,22025,113660,46463,12678,33785,585832,46298,539534,41132,4533,36599
UTTAR PRADESH,Ballia,193,137842,45374,92468,157688,28049,129639,56692,14155,42537,631903,70974,560929,61981,9460,52521
UTTAR PRADESH,Balrampur,182,88959,19128,69831,112719,9748,102971,39073,5530,33543,303358,17926,285432,23552,1752,21800
UTTAR PRADESH,Banda,170,119975,34151,85824,106350,6526,99824,32097,3786,28311,250856,24172,226684,20518,3138,17380
UTTAR PRADESH,Bara Banki,176,166605,54688,111917,136003,17613,118390,43732,8853,34879,510782,43199,467583,47266,4605,42661
UTTAR PRADESH,Bareilly,150,208511,139956,68555,98706,36064,62642,36530,19118,17412,846908,110323,736585,58021,12246,45775
UTTAR PRADESH,Basti,185,92210,26885,65325,124942,12426,112516,42433,6681,35752,423034,31406,391628,42061,3780,38281
UTTAR PRADESH,Bijnor,134,128144,65184,62960,65265,13607,51658,18254,6707,11547,672457,45598,626859,37367,4077,33290
UTTAR PRADESH,Budaun,149,94780,41894,52886,70490,9580,60910,15097,4997,10100,652742,34322,618420,26195,2697,23498
UTTAR PRADESH,Bulandshahr,142,180320,73710,106610,118696,12413,106283,21363,5841,15522,662160,52573,609587,27201,4545,22656
UTTAR PRADESH,Chandauli,196,88652,31490,57162,117377,15883,101494,45098,8826,36272,355780,33409,322371,37266,4150,33116
UTTAR PRADESH,Chitrakoot,171,79797,15214,64583,58554,2749,55805,13371,1438,11933,112790,9737,103053,8493,1010,7483
UTTAR PRADESH,Deoria,190,96381,32491,63890,139295,15542,123753,42872,7193,35679,626841,46188,580653,57657,5780,51877
UTTAR PRADESH,Etah,201,78168,35701,42467,49114,9106,40008,12606,4560,8046,371967,37337,334630,23405,4208,19197
UTTAR PRADESH,Etawah,161,77583,46183,31400,54080,11870,42210,16770,6357,10413,361121,44940,316181,31215,6589,24626
UTTAR PRADESH,Faizabad,177,114999,44830,70169,124233,17394,106839,43323,9051,34272,442812,44724,398088,47247,6062,41185
UTTAR PRADESH,Farrukhabad,159,71446,38224,33222,39528,8191,31337,10052,3943,6109,378464,30755,347709,19800,2958,16842
UTTAR PRADESH,Fatehpur,172,165378,45716,119662,169392,14648,154744,50584,7998,42586,352666,35100,317566,31252,4682,26570
UTTAR PRADESH,Firozabad,147,146837,93025,53812,65101,20296,44805,18484,8840,9644,534713,64409,470304,33916,8394,25522
UTTAR PRADESH,Gautam Buddha Nagar,141,270765,201741,69024,60009,24844,35165,17770,9426,8344,517696,137898,379798,29618,9302,20316
UTTAR PRADESH,Ghaziabad,140,715627,566960,148667,160099,76802,83297,50647,29931,20716,1548221,413260,1134961,89376,32543,56833
UTTAR PRADESH,Ghazipur,195,193633,46058,147575,179449,17247,162202,49980,8298,41682,595810,53930,541880,60880,6756,54124
UTTAR PRADESH,Gonda,183,151638,51449,100189,157232,24264,132968,53808,13109,40699,605481,55688,549793,54927,6345,48582
UTTAR PRADESH,Gorakhpur,188,185843,92924,92919,194390,42331,152059,71862,22886,48976,893446,105162,788284,90077,14715,75362
UTTAR PRADESH,Hamirpur,168,73567,23974,49593,74084,6832,67252,22017,3868,18149,167723,17218,150505,14598,2152,12446
UTTAR PRADESH,Hardoi,155,117733,51746,65987,98263,14797,83466,30337,7896,22441,709808,43272,666536,51347,5436,45911
UTTAR PRADESH,Jalaun,165,98392,48611,49781,92069,14198,77871,30224,7906,22318,346779,38090,308689,27542,5617,21925
UTTAR PRADESH,Jaunpur,194,237607,51741,185866,232809,23502,209307,63289,11609,51680,788327,68541,719786,64892,7157,57735
UTTAR PRADESH,Jhansi,166,171219,76326,94893,131789,19786,112003,40497,10889,29608,358703,59237,299466,34834,8528,26306
UTTAR PRADESH,Jyotiba Phule Nagar,137,85539,38132,47407,60050,6414,53636,10624,3551,7073,288723,23056,265667,15321,2105,13216
UTTAR PRADESH,Kannauj,160,59990,23800,36190,34502,4665,29837,7879,2393,5486,317988,20033,297955,21465,2268,19197
UTTAR PRADESH,Kanpur Dehat,163,85425,34612,50813,67992,10421,57571,21227,5614,15613,342509,27967,314542,27533,3257,24276
UTTAR PRADESH,Kanpur Nagar,164,359281,271942,87339,130329,63082,67247,55148,33579,21569,848814,173239,675575,76801,25273,51528
UTTAR PRADESH,Kanshiram Nagar,202,49626,21281,28345,47809,4205,43604,6466,1881,4585,254753,15425,239328,10825,1513,9312
UTTAR PRADESH,Kaushambi,174,128651,30966,97685,101292,14374,86918,37436,7261,30175,191259,27285,163974,17517,2798,14719
UTTAR PRADESH,Kheri,153,178593,107823,70770,99839,28173,71666,36155,15746,20409,812167,72753,739414,50962,7589,43373
UTTAR PRADESH,Kushinagar,189,107487,31798,75689,187397,27728,159669,64555,14753,49802,636158,46988,589170,63949,5548,58401
UTTAR PRADESH,Lalitpur,167,96738,25720,71018,94003,5147,88856,22383,2839,19544,166929,16896,150033,12374,1877,10497
UTTAR PRADESH,Lucknow,157,495589,382245,113344,165728,79301,86427,74640,41066,33574,1190531,309058,881473,136502,47416,89086
UTTAR PRADESH,Mahamaya Nagar,144,56799,26418,30381,45001,6833,38168,12093,3511,8582,319736,21180,298556,15647,1945,13702
UTTAR PRADESH,Mahoba,169,67010,19989,47021,57171,6115,51056,18240,3230,15010,136517,17081,119436,12120,2180,9940
UTTAR PRADESH,Mahrajganj,187,104022,29653,74369,209520,22034,187486,71883,11760,60123,381469,30057,351412,40531,3513,37018
UTTAR PRADESH,Mainpuri,148,61816,30656,31160,46473,7190,39283,11541,3813,7728,392832,27296,365536,21788,3378,18410
UTTAR PRADESH,Mathura,145,162320,89721,72599,118901,21441,97460,27697,9827,17870,541814,87213,454601,34773,8910,25863
UTTAR PRADESH,Mau,192,86555,24722,61833,107893,11757,96136,35167,6380,28787,351285,31233,320052,37491,3556,33935
UTTAR PRADESH,Meerut,138,285215,203310,81905,87774,33301,54473,24444,13406,11038,824227,153755,670472,45311,14114,31197
UTTAR PRADESH,Mirzapur,199,133897,39242,94655,143023,17681,125342,55901,9635,46266,399384,35720,363664,37258,3598,33660
UTTAR PRADESH,Moradabad,135,183624,110089,73535,93398,22347,71051,26486,11323,15163,828990,79916,749074,39815,7324,32491
UTTAR PRADESH,Muzaffarnagar,133,221041,127228,93813,80829,15566,65263,15842,6614,9228,859599,81561,778038,29931,6506,23425
UTTAR PRADESH,Pilibhit,151,73796,47760,26036,41438,14170,27268,16917,8668,8249,392562,25491,367071,23168,2715,20453
UTTAR PRADESH,Pratapgarh,173,134387,36697,97690,193023,24933,168090,70429,12889,57540,531870,50098,481772,58034,6628,51406
UTTAR PRADESH,Rae Bareli,158,159144,67145,91999,193061,31584,161477,79512,18444,61068,594281,61055,533226,67410,8803,58607
UTTAR PRADESH,Rampur,136,79916,47032,32884,46191,8223,37968,12492,3964,8528,364488,28246,336242,20369,2228,18141
UTTAR PRADESH,Saharanpur,132,154790,98569,56221,47485,15056,32429,15309,6900,8409,728713,76078,652635,30417,5907,24510
UTTAR PRADESH,Sant Kabir Nagar,186,50704,13491,37213,97369,9546,87823,33705,5217,28488,290561,19325,271236,25290,2180,23110
UTTAR PRADESH,Sant Ravidas Nagar (Bhadohi),198,55400,14759,40641,72884,6714,66170,22846,3057,19789,296770,17456,279314,27107,1760,25347
UTTAR PRADESH,Shahjahanpur,152,107897,71262,36635,49727,16370,33357,19297,10102,9195,590849,47880,542969,38214,5612,32602
UTTAR PRADESH,Shrawasti,181,45543,14769,30774,62549,8150,54399,22047,4735,17312,186398,15728,170670,16759,1242,15517
UTTAR PRADESH,Siddharthnagar,184,99877,22079,77798,164547,14392,150155,58710,8414,50296,357909,24235,333674,34526,2159,32367
UTTAR PRADESH,Sitapur,154,170221,81933,88288,122501,26905,95596,46105,15005,31100,889302,70146,819156,73942,8435,65507
UTTAR PRADESH,Sonbhadra,200,163722,77062,86660,151232,19279,131953,59020,9786,49234,277129,52307,224822,27508,7430,20078
UTTAR PRADESH,Sultanpur,179,166412,52239,114173,207624,26280,181344,74945,13933,61012,688601,59090,629511,76646,7129,69517
UTTAR PRADESH,Unnao,156,169187,80738,88449,144869,25652,119217,40822,12803,28019,592340,63420,528920,44618,7953,36665
UTTAR PRADESH,Varanasi,197,278547,153838,124709,130045,29633,100412,41390,13556,27834,792391,141998,650393,74265,18073,56192
UTTARAKHAND,Almora,64,109111,19916,89195,43901,2814,41087,14455,1422,13033,83680,17821,65859,7914,2237,5677
UTTARAKHAND,Bageshwar,63,41417,6648,34769,22887,2028,20859,8661,1143,7518,29220,6282,22938,2869,720,2149
UTTARAKHAND,Chamoli,57,64891,21554,43337,35148,4574,30574,11465,2542,8923,59934,18179,41755,5940,1779,4161
UTTARAKHAND,Champawat,65,30973,13499,17474,19035,2435,16600,6675,1509,5166,51588,11938,39650,5255,1379,3876
UTTARAKHAND,Dehradun,60,274681,208848,65833,52331,26753,25578,21926,14269,7657,567443,169425,398018,53796,19922,33874
UTTARAKHAND,Garhwal,61,97202,40811,56391,63721,8373,55348,25771,5219,20552,157228,40555,116673,17150,4976,12174
UTTARAKHAND,Hardwar,68,159071,117251,41820,33301,14372,18929,12300,6779,5521,481134,84322,396812,20803,6287,14516
UTTARAKHAND,Nainital,66,167538,101425,66113,43039,13899,29140,13623,7589,6034,240806,68501,172305,23031,7966,15065
UTTARAKHAND,Pithoragarh,62,82413,23438,58975,35167,5534,29633,11160,3452,7708,91458,26656,64802,10042,3216,6826
UTTARAKHAND,Rudraprayag,58,47047,8992,38055,18335,2075,16260,5791,1160,4631,30963,8405,22558,2028,626,1402
UTTARAKHAND,Tehri Garhwal,59,90771,31887,58884,65494,6095,59399,27734,3247,24487,93273,25707,67566,9473,2685,6788
UTTARAKHAND,Udham Singh Nagar,67,226412,165100,61312,77693,26921,50772,26532,13483,13049,410147,93603,316544,31827,9368,22459
UTTARAKHAND,Uttarkashi,56,61596,17307,44289,14377,2701,11676,5292,1566,3726,43028,14663,28365,4660,1610,3050
WEST BENGAL,Bankura,339,208782,94462,114320,237075,31108,205967,147102,23634,123468,888227,140294,747933,244289,24494,219795
WEST BENGAL,Barddhaman,335,755660,536313,219347,316044,109429,206615,206571,80555,126016,2215138,456929,1758209,608436,101572,506864
WEST BENGAL,Birbhum,334,213776,134023,79753,155531,33766,121765,93928,25166,68762,823282,125408,697874,252736,25373,227363
WEST BENGAL,Dakshin Dinajpur,331,160593,95301,65292,88351,13236,75115,56151,9207,46944,329494,49546,279948,104911,8848,96063
WEST BENGAL,Darjiling,327,220793,152064,68729,53343,19116,34227,29634,11085,18549,391075,105536,285539,97176,19620,77556
WEST BENGAL,Haora,341,450611,346586,104025,119442,39305,80137,68349,24835,43514,1275678,237062,1038616,321717,42841,278876
WEST BENGAL,Hugli,338,606378,435738,170640,199631,60937,138694,122113,41625,80488,1773345,367295,1406050,472456,71432,401024
WEST BENGAL,Jalpaiguri,328,432907,299614,133293,155038,38244,116794,99569,26954,72615,828950,181910,647040,260890,36088,224802
WEST BENGAL,Koch Bihar,329,248966,159351,89615,120973,17301,103672,64182,11784,52398,585335,86895,498440,183995,16269,167726
WEST BENGAL,Kolkata,342,354895,295008,59887,40661,22239,18422,24344,13156,11188,441582,122856,318726,86572,22712,63860
WEST BENGAL,Maldah,332,291522,163660,127862,210931,40722,170209,131632,31257,100375,689966,115129,574837,225500,20324,205176
WEST BENGAL,Murshidabad,333,509169,288302,220867,208383,53615,154768,114443,37759,76684,1517916,262811,1255105,457796,46855,410941
WEST BENGAL,Nadia,336,505295,387385,117910,105464,38407,67057,61807,25095,36712,1589428,311984,1277444,456228,59060,397168
WEST BENGAL,North Twenty Four Parganas,337,1383604,1094224,289380,239864,95130,144734,128603,57144,71459,3261162,758925,2502237,919206,171217,747989
WEST BENGAL,Paschim Medinipur,344,332435,161720,170715,422100,59634,362466,241304,41678,199626,1178877,151307,1027570,348009,29135,318874
WEST BENGAL,Purba Medinipur,345,194881,107350,87531,246580,40838,205742,148553,29621,118932,1159005,105442,1053563,434831,22567,412264
WEST BENGAL,Puruliya,340,148444,57893,90551,284559,25698,258861,182693,19894,162799,488483,63662,424821,142308,12692,129616
WEST BENGAL,South Twenty Four Parganas,343,560431,398813,161618,337877,98578,239299,217992,71902,146090,2039217,323965,1715252,649859,65950,583909
WEST BENGAL,Uttar Dinajpur,330,220662,133580,87082,112301,16668,95633,65006,11439,53567,518360,78437,439923,154416,14385,140031
