state,district,districtCode,NeverMarried_Persons,NeverMarried_Males,NeverMarried_Females,CurrMarried_Persons,CurrMarried_Males,CurrMarried_Females,Widowed_Persons,Widowed_Males,Widowed_Females,Separated_Persons,Separated_Males,Separated_Females,Divorced_Persons,Divorced_Males,Divorced_Females,Unspecified_Persons,Unspecified_Males,Unspecified_Females
ANDAMAN & NICOBAR ISLANDS,Nicobars,638,4801,3117,1684,4695,2885,1810,289,88,201,20,6,14,4,2,2,0,0,0
ANDAMAN & NICOBAR ISLANDS,North  & Middle Andaman,639,11734,6463,5271,13821,5180,8641,513,132,381,127,46,81,21,6,15,0,0,0
ANDAMAN & NICOBAR ISLANDS,South Andaman,640,25168,15598,9570,33638,14709,18929,1211,205,1006,277,148,129,64,21,43,0,0,0
ANDHRA PRADESH,Anantapur,553,155526,86140,69386,304611,71600,233011,13356,1788,11568,1437,216,1221,165,29,136,0,0,0
ANDHRA PRADESH,Chittoor,554,190849,103082,87767,345036,97422,247614,17851,2464,15387,2126,377,1749,230,42,188,0,0,0
ANDHRA PRADESH,East Godavari,545,361928,188579,173349,397444,104168,293276,19824,2324,17500,2758,414,2344,457,63,394,0,0,0
ANDHRA PRADESH,Guntur,548,273919,146714,127205,381620,111932,269688,20435,2849,17586,2917,600,2317,473,93,380,0,0,0
ANDHRA PRADESH,Krishna,547,323361,173910,149451,377755,120458,257297,21256,3312,17944,2882,636,2246,504,109,395,0,0,0
ANDHRA PRADESH,Kurnool,552,123493,67995,55498,265646,53437,212209,10032,1268,8764,774,123,651,120,25,95,0,0,0
ANDHRA PRADESH,Prakasam,549,141353,76655,64698,251757,60755,191002,10755,1362,9393,1317,233,1084,202,34,168,0,0,0
ANDHRA PRADESH,Sri Potti Sriramulu Nellore,550,166878,91814,75064,240000,70248,169752,13121,1891,11230,1864,379,1485,201,46,155,0,0,0
ANDHRA PRADESH,Srikakulam,542,115924,62213,53711,164318,33005,131313,6520,691,5829,671,102,569,198,11,187,0,0,0
ANDHRA PRADESH,Visakhapatnam,544,255306,139937,115369,316723,107435,209288,14660,1999,12661,1488,319,1169,268,52,216,0,0,0
ANDHRA PRADESH,Vizianagaram,543,121878,65008,56870,148088,33978,114110,6608,811,5797,802,131,671,171,26,145,0,0,0
ANDHRA PRADESH,West Godavari,546,311175,162739,148436,325706,81341,244365,16671,2246,14425,2846,425,2421,467,66,401,0,0,0
ANDHRA PRADESH,Y.S.R.,551,119260,65386,53874,229441,65092,164349,12281,1672,10609,1056,196,860,137,25,112,0,0,0
ARUNACHAL PRADESH,Anjaw,260,2621,1659,962,2097,880,1217,50,11,39,15,3,12,2,2,0,0,0,0
ARUNACHAL PRADESH,Changlang,253,9202,5274,3928,11857,5072,6785,445,163,282,74,44,30,13,8,5,0,0,0
ARUNACHAL PRADESH,Dibang Valley,257,907,582,325,761,367,394,46,14,32,24,18,6,6,2,4,0,0,0
ARUNACHAL PRADESH,East Kameng,247,6037,3033,3004,6770,2218,4552,416,47,369,38,13,25,11,5,6,0,0,0
ARUNACHAL PRADESH,East Siang,251,7144,3777,3367,7130,3278,3852,231,63,168,75,30,45,31,8,23,0,0,0
ARUNACHAL PRADESH,Kurung Kumey,256,2934,1557,1377,4137,1050,3087,212,15,197,28,6,22,4,0,4,0,0,0
ARUNACHAL PRADESH,Lohit,259,13968,7770,6198,16162,6644,9518,618,197,421,149,88,61,36,13,23,0,0,0
ARUNACHAL PRADESH,Lower Dibang Valley,258,7357,4122,3235,6869,3317,3552,282,74,208,103,55,48,23,5,18,0,0,0
ARUNACHAL PRADESH,Lower Subansiri,255,8213,4617,3596,6779,2928,3851,305,48,257,79,42,37,11,2,9,0,0,0
ARUNACHAL PRADESH,Papum Pare,248,26696,13995,12701,22362,10447,11915,725,87,638,227,117,110,51,12,39,0,0,0
ARUNACHAL PRADESH,Tawang,245,6017,4283,1734,5097,3277,1820,128,33,95,58,47,11,19,5,14,0,0,0
ARUNACHAL PRADESH,Tirap,254,8577,4678,3899,4908,2349,2559,136,40,96,24,12,12,10,3,7,0,0,0
ARUNACHAL PRADESH,Upper Siang,252,2602,1396,1206,2036,1024,1012,58,21,37,63,41,22,18,6,12,0,0,0
ARUNACHAL PRADESH,Upper Subansiri,249,3756,2008,1748,4667,1470,3197,201,33,168,31,14,17,8,3,5,0,0,0
ARUNACHAL PRADESH,West Kameng,246,9483,5457,4026,9544,4443,5101,327,122,205,105,66,39,31,10,21,0,0,0
ARUNACHAL PRADESH,West Siang,250,11427,6247,5180,9283,3661,5622,201,38,163,54,26,28,22,3,19,0,0,0
ASSAM,Baksa,324,13938,7493,6445,59671,6986,52685,1341,155,1186,157,21,136,85,14,71,0,0,0
ASSAM,Barpeta,303,39540,22703,16837,140815,24251,116564,3974,278,3696,445,43,402,271,14,257,0,0,0
ASSAM,Bongaigaon,319,18768,10547,8221,64767,12843,51924,2023,185,1838,190,26,164,132,14,118,0,0,0
ASSAM,Cachar,316,23604,13275,10329,105195,15896,89299,3631,390,3241,443,93,350,258,28,230,0,0,0
ASSAM,Chirang,320,12905,6788,6117,33567,6081,27486,973,115,858,112,30,82,54,8,46,0,0,0
ASSAM,Darrang,325,16774,9428,7346,68356,10493,57863,1423,89,1334,217,40,177,174,13,161,0,0,0
ASSAM,Dhemaji,308,12553,6940,5613,45974,9199,36775,1194,213,981,96,30,66,65,13,52,0,0,0
ASSAM,Dhubri,301,35965,20329,15636,154827,25755,129072,4165,255,3910,524,39,485,426,19,407,0,0,0
ASSAM,Dibrugarh,310,21819,12596,9223,87809,17790,70019,2475,426,2049,277,133,144,115,17,98,0,0,0
ASSAM,Dima Hasao,315,10399,5774,4625,13510,5771,7739,561,103,458,121,89,32,18,2,16,0,0,0
ASSAM,Goalpara,302,26795,14998,11797,82328,19300,63028,2565,196,2369,250,24,226,162,27,135,0,0,0
ASSAM,Golaghat,313,16237,9203,7034,72367,12885,59482,1965,377,1588,266,99,167,187,32,155,0,0,0
ASSAM,Hailakandi,318,7160,4033,3127,39052,4193,34859,1083,136,947,220,47,173,223,11,212,0,0,0
ASSAM,Jorhat,312,19351,11755,7596,71961,14744,57217,1984,268,1716,255,112,143,103,10,93,0,0,0
ASSAM,Kamrup,321,21563,11967,9596,100624,14625,85999,2224,130,2094,203,37,166,180,9,171,0,0,0
ASSAM,Kamrup Metropolitan,322,74519,44904,29615,128458,52228,76230,4879,654,4225,688,355,333,283,37,246,0,0,0
ASSAM,Karbi Anglong,314,21572,11828,9744,51709,13679,38030,1780,416,1364,166,89,77,65,20,45,0,0,0
ASSAM,Karimganj,317,13798,7366,6432,76201,7710,68491,2244,220,2024,307,41,266,321,15,306,0,0,0
ASSAM,Kokrajhar,300,20054,10653,9401,65513,11517,53996,1828,207,1621,169,34,135,94,18,76,0,0,0
ASSAM,Lakhimpur,307,14861,8552,6309,71535,11086,60449,1692,247,1445,237,85,152,174,24,150,0,0,0
ASSAM,Morigaon,304,21407,12125,9282,72293,13292,59001,2306,254,2052,173,37,136,193,18,175,0,0,0
ASSAM,Nagaon,305,45235,25590,19645,189680,29902,159778,5125,486,4639,585,125,460,530,43,487,0,0,0
ASSAM,Nalbari,323,11792,6609,5183,54357,8805,45552,1311,92,1219,93,13,80,102,14,88,0,0,0
ASSAM,Sivasagar,311,17771,10376,7395,86038,14201,71837,2198,422,1776,459,305,154,187,23,164,0,0,0
ASSAM,Sonitpur,306,45777,25174,20603,127887,29122,98765,4477,788,3689,557,211,346,301,39,262,0,0,0
ASSAM,Tinsukia,309,28298,16577,11721,81217,20220,60997,3187,722,2465,472,250,222,137,32,105,0,0,0
ASSAM,Udalguri,326,10850,5881,4969,50447,8104,42343,1335,261,1074,117,30,87,74,12,62,0,0,0
BIHAR,Araria,209,11378,6228,5150,164028,9293,154735,1637,167,1470,90,9,81,34,3,31,0,0,0
BIHAR,Arwal,240,3198,1534,1664,41253,1753,39500,482,69,413,11,2,9,7,0,7,0,0,0
BIHAR,Aurangabad,235,18177,9356,8821,143426,9779,133647,1870,279,1591,52,9,43,11,2,9,0,0,0
BIHAR,Banka,225,7839,3940,3899,128023,5893,122130,1377,146,1231,506,425,81,17,0,17,0,0,0
BIHAR,Begusarai,222,21364,11199,10165,192520,12795,179725,2397,283,2114,89,15,74,20,4,16,0,0,0
BIHAR,Bhagalpur,224,20150,11233,8917,176011,14122,161889,2410,424,1986,92,21,71,23,5,18,0,0,0
BIHAR,Bhojpur,231,19329,10595,8734,152355,10564,141791,2422,437,1985,60,6,54,20,2,18,0,0,0
BIHAR,Buxar,232,14142,7988,6154,103587,8158,95429,1660,348,1312,103,45,58,12,0,12,0,0,0
BIHAR,Darbhanga,215,16063,8664,7399,214020,12381,201639,2715,254,2461,113,18,95,40,1,39,0,0,0
BIHAR,Gaya,236,30492,14430,16062,228574,15392,213182,3185,482,2703,117,24,93,41,6,35,0,0,0
BIHAR,Gopalganj,217,17576,9540,8036,150826,9315,141511,2268,315,1953,152,12,140,47,0,47,0,0,0
BIHAR,Jamui,238,7748,3901,3847,114611,5197,109414,1237,118,1119,27,7,20,15,0,15,0,0,0
BIHAR,Jehanabad,239,7036,3786,3250,68850,4118,64732,947,149,798,27,6,21,8,2,6,0,0,0
BIHAR,Kaimur (Bhabua),233,10257,5174,5083,100994,5167,95827,1372,162,1210,79,14,65,19,3,16,0,0,0
BIHAR,Katihar,212,19720,10703,9017,182354,13389,168965,2408,298,2110,148,18,130,51,3,48,0,0,0
BIHAR,Khagaria,223,7006,3582,3424,111061,4738,106323,999,117,882,30,3,27,11,1,10,0,0,0
BIHAR,Kishanganj,210,11854,6216,5638,84860,6745,78115,1174,124,1050,78,7,71,39,4,35,0,0,0
BIHAR,Lakhisarai,227,6055,3286,2769,64379,4187,60192,830,120,710,32,7,25,9,2,7,0,0,0
BIHAR,Madhepura,213,6000,2896,3104,138889,5703,133186,1329,135,1194,45,4,41,15,1,14,0,0,0
BIHAR,Madhubani,207,15406,7982,7424,256529,9430,247099,2683,232,2451,116,12,104,26,2,24,0,0,0
BIHAR,Munger,226,9566,5436,4130,87178,6405,80773,1561,180,1381,67,26,41,13,2,11,0,0,0
BIHAR,Muzaffarpur,216,31569,17227,14342,285807,21661,264146,4221,778,3443,153,32,121,43,6,37,0,0,0
BIHAR,Nalanda,229,21965,11650,10315,174926,12015,162911,2621,369,2252,90,15,75,15,3,12,0,0,0
BIHAR,Nawada,237,11294,5697,5597,131184,7487,123697,1720,206,1514,47,4,43,21,1,20,0,0,0
BIHAR,Pashchim Champaran,203,20668,10892,9776,219061,13233,205828,2680,528,2152,103,17,86,31,5,26,0,0,0
BIHAR,Patna,230,125464,71269,54195,381778,76135,305643,10042,2415,7627,297,77,220,110,36,74,0,0,0
BIHAR,Purba Champaran,204,17722,8933,8789,288703,12321,276382,2904,359,2545,77,8,69,42,6,36,0,0,0
BIHAR,Purnia,211,19400,10019,9381,174821,12975,161846,2265,300,1965,150,17,133,37,4,33,0,0,0
BIHAR,Rohtas,234,30489,16509,13980,177742,13634,164108,2651,444,2207,140,18,122,15,5,10,0,0,0
BIHAR,Saharsa,214,9694,5459,4235,131218,7760,123458,1285,155,1130,42,6,36,13,0,13,0,0,0
BIHAR,Samastipur,221,25072,12991,12081,277813,11221,266592,2640,268,2372,130,22,108,26,5,21,0,0,0
BIHAR,Saran,219,16753,8566,8187,213515,9028,204487,2610,264,2346,103,14,89,19,1,18,0,0,0
BIHAR,Sheikhpura,228,4936,2480,2456,37552,2605,34947,536,82,454,17,2,15,5,1,4,0,0,0
BIHAR,Sheohar,205,1100,558,542,19808,712,19096,188,14,174,13,3,10,1,0,1,0,0,0
BIHAR,Sitamarhi,206,13581,6878,6703,194124,8414,185710,1853,234,1619,74,9,65,21,1,20,0,0,0
BIHAR,Siwan,218,14924,7645,7279,183888,7357,176531,2183,251,1932,285,91,194,39,3,36,0,0,0
BIHAR,Supaul,208,10253,5176,5077,149410,7376,142034,1570,220,1350,79,10,69,15,0,15,0,0,0
BIHAR,Vaishali,220,15757,7724,8033,206786,8295,198491,2171,241,1930,82,8,74,28,2,26,0,0,0
CHANDIGARH,Chandigarh,55,113692,73886,39806,142335,61266,81069,4153,881,3272,375,179,196,231,71,160,0,0,0
CHHATTISGARH,Bastar,414,44142,24176,19966,94669,15101,79568,2460,428,2032,957,117,840,99,10,89,0,0,0
CHHATTISGARH,Bijapur,417,20652,12130,8522,17762,5014,12748,1012,142,870,36,5,31,4,0,4,0,0,0
CHHATTISGARH,Bilaspur,406,85160,47788,37372,225598,47079,178519,7066,1387,5679,2320,255,2065,484,55,429,0,0,0
CHHATTISGARH,Dakshin Bastar Dantewada,416,32099,18793,13306,37476,9379,28097,1576,249,1327,156,27,129,26,7,19,0,0,0
CHHATTISGARH,Dhamtari,412,23699,12406,11293,62884,8655,54229,1823,298,1525,617,77,540,311,22,289,0,0,0
CHHATTISGARH,Durg,409,117085,65495,51590,282044,58044,224000,8706,1412,7294,2775,309,2466,652,72,580,0,0,0
CHHATTISGARH,Janjgir - Champa,405,41604,23393,18211,123683,20742,102941,3662,583,3079,1316,91,1225,484,31,453,0,0,0
CHHATTISGARH,Jashpur,402,32343,16194,16149,60799,10195,50604,1519,277,1242,304,42,262,57,9,48,0,0,0
CHHATTISGARH,Kabeerdham,407,20565,11231,9334,66092,9411,56681,1291,265,1026,466,69,397,102,12,90,0,0,0
CHHATTISGARH,Korba,404,45186,26428,18758,108514,28255,80259,3107,613,2494,467,104,363,137,19,118,0,0,0
CHHATTISGARH,Koriya,400,18103,10153,7950,49536,9171,40365,1426,301,1125,477,80,397,70,10,60,0,0,0
CHHATTISGARH,Mahasamund,411,28773,15408,13365,84647,13098,71549,3001,426,2575,787,79,708,419,24,395,0,0,0
CHHATTISGARH,Narayanpur,415,7125,4101,3024,8551,1898,6653,329,36,293,47,9,38,8,3,5,0,0,0
CHHATTISGARH,Raigarh,403,51296,29235,22061,131151,29855,101296,3425,703,2722,617,101,516,197,33,164,0,0,0
CHHATTISGARH,Raipur,410,156494,89945,66549,367049,93440,273609,9791,1678,8113,2190,293,1897,984,108,876,0,0,0
CHHATTISGARH,Rajnandgaon,408,44900,23745,21155,119080,19289,99791,3434,526,2908,1259,125,1134,373,38,335,0,0,0
CHHATTISGARH,Surguja,401,64051,34529,29522,170316,26554,143762,3819,818,3001,1795,168,1627,303,28,275,0,0,0
CHHATTISGARH,Uttar Bastar Kanker,413,24995,13592,11403,54213,10016,44197,1531,224,1307,252,54,198,92,12,80,0,0,0
DADRA & NAGAR HAVELI,Dadra & Nagar Haveli,496,52002,38632,13370,64507,34248,30259,984,210,774,559,470,89,43,15,28,0,0,0
DAMAN & DIU,Daman,495,51765,41257,10508,51904,33715,18189,540,125,415,313,265,48,38,11,27,0,0,0
DAMAN & DIU,Diu,494,765,456,309,1341,493,848,38,7,31,1,0,1,2,0,2,0,0,0
GOA,North Goa,585,124778,70676,54102,115820,43703,72117,5031,685,4346,373,86,287,179,58,121,0,0,0
GOA,South Goa,586,98323,55976,42347,86429,32521,53908,3789,458,3331,309,88,221,100,24,76,0,0,0
GUJARAT,Ahmadabad,474,368189,220486,147703,582100,210097,372003,20395,4983,15412,2784,1775,1009,1633,750,883,0,0,0
GUJARAT,Amreli,480,86836,45836,41000,110140,21056,89084,2684,540,2144,503,161,342,258,65,193,0,0,0
GUJARAT,Anand,482,144381,79657,64724,180605,31645,148960,5051,923,4128,593,151,442,756,203,553,0,0,0
GUJARAT,Banas Kantha,469,84120,46324,37796,243394,26737,216657,3606,535,3071,577,142,435,420,86,334,0,0,0
GUJARAT,Bharuch,488,132537,76286,56251,146947,49634,97313,4583,928,3655,1471,1057,414,536,144,392,0,0,0
GUJARAT,Bhavnagar,481,135217,77579,57638,227380,56390,170990,5664,1063,4601,642,220,422,438,165,273,0,0,0
GUJARAT,Dohad,485,25751,13776,11975,147945,9873,138072,1729,155,1574,130,33,97,144,32,112,0,0,0
GUJARAT,Gandhinagar,473,99411,57146,42265,159632,42240,117392,4899,905,3994,515,212,303,498,171,327,0,0,0
GUJARAT,Jamnagar,477,127878,73375,54503,182722,50674,132048,5384,1061,4323,766,289,477,474,145,329,0,0,0
GUJARAT,Junagadh,479,171675,91585,80090,202332,44563,157769,6344,1259,5085,960,271,689,565,187,378,0,0,0
GUJARAT,Kachchh,468,200137,122866,77271,267118,106653,160465,8438,1759,6679,1656,1001,655,588,245,343,0,0,0
GUJARAT,Kheda,483,103112,55739,47373,177258,20571,156687,4274,688,3586,599,152,447,610,142,468,0,0,0
GUJARAT,Mahesana,471,97191,55343,41848,180862,37559,143303,4769,893,3876,603,179,424,592,196,396,0,0,0
GUJARAT,Narmada,487,28316,15392,12924,37439,5552,31887,850,129,721,162,31,131,148,23,125,0,0,0
GUJARAT,Navsari,490,113352,63709,49643,127482,35881,91601,4642,837,3805,782,300,482,771,126,645,0,0,0
GUJARAT,Panch Mahals,484,39007,21268,17739,168926,16857,152069,3190,381,2809,371,95,276,402,73,329,0,0,0
GUJARAT,Patan,470,47928,26502,21426,100102,14630,85472,2257,358,1899,364,68,296,295,69,226,0,0,0
GUJARAT,Porbandar,478,39017,21477,17540,50743,13549,37194,1991,352,1639,372,74,298,242,65,177,0,0,0
GUJARAT,Rajkot,476,236941,137987,98954,406073,127924,278149,13676,2889,10787,1612,809,803,1080,428,652,0,0,0
GUJARAT,Sabar Kantha,472,67672,38043,29629,187242,24179,163063,3846,572,3274,524,98,426,557,95,462,0,0,0
GUJARAT,Surat,492,854392,582501,271891,1018410,507902,510508,27004,6250,20754,7826,6311,1515,1845,791,1054,0,0,0
GUJARAT,Surendranagar,475,68810,39275,29535,140415,22948,117467,3040,578,2462,549,166,383,380,100,280,0,0,0
GUJARAT,Tapi,493,25755,13902,11853,54891,12276,42615,1355,248,1107,238,66,172,137,27,110,0,0,0
GUJARAT,The Dangs,489,13550,7095,6455,14498,2018,12480,203,32,171,47,8,39,40,3,37,0,0,0
GUJARAT,Vadodara,486,232719,131812,100907,358768,95492,263276,11497,2506,8991,1481,743,738,1338,428,910,0,0,0
GUJARAT,Valsad,491,126709,77422,49287,179347,65195,114152,4431,925,3506,1057,734,323,435,124,311,0,0,0
HARYANA,Ambala,70,45745,26464,19281,105060,21926,83134,3177,674,2503,213,62,151,119,45,74,0,0,0
HARYANA,Bhiwani,81,24058,13991,10067,124106,13531,110575,2509,440,2069,128,32,96,47,9,38,0,0,0
HARYANA,Faridabad,88,138956,81876,57080,231412,90531,140881,7294,2025,5269,335,122,213,222,79,143,0,0,0
HARYANA,Fatehabad,78,31258,17636,13622,82131,14238,67893,2168,479,1689,201,41,160,87,27,60,0,0,0
HARYANA,Gurgaon,86,170238,105378,64860,317207,136772,180435,9862,2405,7457,554,225,329,461,188,273,0,0,0
HARYANA,Hisar,80,45002,26098,18904,141198,25099,116099,3646,705,2941,246,100,146,73,25,48,0,0,0
HARYANA,Jhajjar,83,24572,15154,9418,85913,16562,69351,1987,407,1580,116,35,81,34,7,27,0,0,0
HARYANA,Jind,77,30839,18069,12770,108256,16875,91381,2801,560,2241,182,62,120,38,12,26,0,0,0
HARYANA,Kaithal,73,25396,14678,10718,88697,11486,77211,2236,408,1828,159,34,125,49,9,40,0,0,0
HARYANA,Karnal,74,51621,30304,21317,143235,28715,114520,3885,914,2971,280,82,198,128,45,83,0,0,0
HARYANA,Kurukshetra,72,55287,33389,21898,99615,21272,78343,2902,723,2179,284,82,202,107,28,79,0,0,0
HARYANA,Mahendragarh,84,22666,12923,9743,73552,7823,65729,1368,248,1120,108,23,85,35,6,29,0,0,0
HARYANA,Mewat,87,8525,4606,3919,78461,5894,72567,727,108,619,84,13,71,22,3,19,0,0,0
HARYANA,Palwal,89,16254,9423,6831,82637,10055,72582,1574,321,1253,123,30,93,27,7,20,0,0,0
HARYANA,Panchkula,69,57926,33655,24271,88358,31862,56496,3265,809,2456,209,77,132,169,55,114,0,0,0
HARYANA,Panipat,75,61820,37417,24403,130685,38035,92650,3838,985,2853,212,71,141,73,32,41,0,0,0
HARYANA,Rewari,85,34982,21362,13620,93450,19519,73931,2290,388,1902,128,38,90,42,7,35,0,0,0
HARYANA,Rohtak,82,26482,15623,10859,91031,18398,72633,2818,611,2207,163,43,120,58,17,41,0,0,0
HARYANA,Sirsa,79,57090,32440,24650,112073,21601,90472,3102,724,2378,304,84,220,115,38,77,0,0,0
HARYANA,Sonipat,76,49368,28491,20877,139510,31607,107903,3909,891,3018,216,68,148,70,28,42,0,0,0
HARYANA,Yamunanagar,71,44148,27869,16279,112452,24415,88037,3013,753,2260,250,64,186,146,46,100,0,0,0
HIMACHAL PRADESH,Bilaspur,30,8666,5110,3556,33038,5006,28032,522,61,461,61,7,54,20,2,18,0,0,0
HIMACHAL PRADESH,Chamba,23,11055,6239,4816,40551,6493,34058,766,132,634,100,17,83,49,8,41,0,0,0
HIMACHAL PRADESH,Hamirpur,28,13901,8495,5406,43124,7261,35863,919,112,807,73,12,61,35,7,28,0,0,0
HIMACHAL PRADESH,Kangra,24,47627,27352,20275,130440,22381,108059,3281,521,2760,257,68,189,132,31,101,0,0,0
HIMACHAL PRADESH,Kinnaur,34,6842,4698,2144,12549,7050,5499,199,54,145,28,14,14,18,9,9,0,0,0
HIMACHAL PRADESH,Kullu,26,14286,8699,5587,40143,9881,30262,854,185,669,188,54,134,104,21,83,0,0,0
HIMACHAL PRADESH,Lahul & Spiti,25,1819,1155,664,2665,1022,1643,56,11,45,11,4,7,4,0,4,0,0,0
HIMACHAL PRADESH,Mandi,27,19131,11141,7990,79283,12955,66328,1607,254,1353,117,33,84,62,16,46,0,0,0
HIMACHAL PRADESH,Shimla,33,59097,34940,24157,93515,32064,61451,2020,401,1619,269,93,176,140,35,105,0,0,0
HIMACHAL PRADESH,Sirmaur,32,19869,12015,7854,43440,9512,33928,773,157,616,87,29,58,42,12,30,0,0,0
HIMACHAL PRADESH,Solan,31,43108,27798,15310,71575,25878,45697,1490,370,1120,181,62,119,93,26,67,0,0,0
HIMACHAL PRADESH,Una,29,21992,12983,9009,47452,9186,38266,1224,219,1005,79,22,57,51,16,35,0,0,0
JAMMU & KASHMIR,Anantnag,14,21913,12849,9064,40160,7221,32939,1174,384,790,147,49,98,75,26,49,0,0,0
JAMMU & KASHMIR,Badgam,2,5653,3104,2549,21605,2728,18877,399,84,315,24,6,18,34,6,28,0,0,0
JAMMU & KASHMIR,Bandipore,9,2837,1756,1081,11354,1609,9745,202,69,133,13,6,7,9,0,9,0,0,0
JAMMU & KASHMIR,Baramula,8,13447,7152,6295,34478,4299,30179,571,126,445,50,8,42,44,11,33,0,0,0
JAMMU & KASHMIR,Doda,16,7586,4479,3107,24254,3626,20628,381,47,334,45,6,39,30,3,27,0,0,0
JAMMU & KASHMIR,Ganderbal,11,14669,8736,5933,14256,4638,9618,355,143,212,14,3,11,30,10,20,0,0,0
JAMMU & KASHMIR,Jammu,21,56625,33071,23554,128982,32100,96882,3736,672,3064,313,98,215,116,34,82,0,0,0
JAMMU & KASHMIR,Kargil,4,1652,952,700,4410,860,3550,74,16,58,19,13,6,10,2,8,0,0,0
JAMMU & KASHMIR,Kathua,7,9471,5382,4089,44900,5014,39886,833,118,715,54,11,43,29,8,21,0,0,0
JAMMU & KASHMIR,Kishtwar,18,1289,780,509,7320,554,6766,90,8,82,15,5,10,4,0,4,0,0,0
JAMMU & KASHMIR,Kulgam,15,4204,2315,1889,18056,1790,16266,233,51,182,18,6,12,29,7,22,0,0,0
JAMMU & KASHMIR,Kupwara,1,10474,6487,3987,20379,3333,17046,291,82,209,26,8,18,26,2,24,0,0,0
JAMMU & KASHMIR,Leh(Ladakh),3,4238,2227,2011,5980,1993,3987,105,33,72,73,37,36,27,10,17,0,0,0
JAMMU & KASHMIR,Pulwama,12,6650,3933,2717,25381,2684,22697,391,102,289,43,10,33,25,7,18,0,0,0
JAMMU & KASHMIR,Punch,5,4385,2740,1645,13190,2371,10819,213,36,177,24,5,19,15,2,13,0,0,0
JAMMU & KASHMIR,Rajouri,6,9667,5535,4132,29508,4829,24679,548,116,432,40,9,31,32,9,23,0,0,0
JAMMU & KASHMIR,Ramban,17,1496,832,664,11321,1078,10243,159,29,130,10,1,9,11,1,10,0,0,0
JAMMU & KASHMIR,Reasi,20,8401,4810,3591,17947,3348,14599,439,124,315,61,24,37,33,9,24,0,0,0
JAMMU & KASHMIR,Samba,22,8761,4973,3788,28039,3780,24259,509,87,422,36,7,29,29,4,25,0,0,0
JAMMU & KASHMIR,Shupiyan,13,2831,1517,1314,12516,1271,11245,149,51,98,7,5,2,6,0,6,0,0,0
JAMMU & KASHMIR,Srinagar,10,22594,13564,9030,29205,11482,17723,1142,288,854,75,31,44,65,15,50,0,0,0
JAMMU & KASHMIR,Udhampur,19,10396,5853,4543,41962,6120,35842,761,121,640,77,15,62,49,9,40,0,0,0
JHARKHAND,Bokaro,355,46367,26161,20206,155582,28492,127090,3622,688,2934,303,43,260,62,4,58,0,0,0
JHARKHAND,Chatra,347,9587,4874,4713,72671,3974,68697,923,111,812,45,4,41,12,1,11,0,0,0
JHARKHAND,Deoghar,350,15993,8987,7006,112074,11749,100325,1637,293,1344,117,11,106,44,5,39,0,0,0
JHARKHAND,Dhanbad,354,62779,35702,27077,192433,38748,153685,5942,1103,4839,384,68,316,115,22,93,0,0,0
JHARKHAND,Dumka,362,13248,6994,6254,92893,9950,82943,2043,305,1738,290,66,224,68,8,60,0,0,0
JHARKHAND,Garhwa,346,15091,8071,7020,87411,6586,80825,972,167,805,88,11,77,26,2,24,0,0,0
JHARKHAND,Giridih,349,14591,7862,6729,178653,10243,168410,2119,234,1885,178,23,155,51,3,48,0,0,0
JHARKHAND,Godda,351,11459,5941,5518,88771,7249,81522,1482,156,1326,97,7,90,47,1,46,0,0,0
JHARKHAND,Gumla,366,22474,11595,10879,60865,7837,53028,1819,245,1574,165,19,146,16,2,14,0,0,0
JHARKHAND,Hazaribagh,360,30757,17096,13661,134815,16633,118182,2443,331,2112,136,17,119,55,7,48,0,0,0
JHARKHAND,Jamtara,363,9001,4837,4164,60402,5954,54448,1291,152,1139,272,19,253,77,2,75,0,0,0
JHARKHAND,Khunti,365,9721,5039,4682,35520,4108,31412,1277,133,1144,71,10,61,11,0,11,0,0,0
JHARKHAND,Kodarma,348,8765,5374,3391,53352,4884,48468,839,98,741,42,8,34,14,3,11,0,0,0
JHARKHAND,Latehar,359,8522,4455,4067,45476,4244,41232,751,109,642,34,5,29,7,1,6,0,0,0
JHARKHAND,Lohardaga,356,10066,5265,4801,30058,4047,26011,748,115,633,86,7,79,16,2,14,0,0,0
JHARKHAND,Pakur,353,13088,6770,6318,63496,8350,55146,1266,156,1110,197,13,184,111,5,106,0,0,0
JHARKHAND,Palamu,358,17069,9356,7713,122810,11635,111175,1552,276,1276,108,16,92,19,5,14,0,0,0
JHARKHAND,Pashchimi Singhbhum,368,20262,10587,9675,104339,9632,94707,3079,240,2839,197,18,179,14,1,13,0,0,0
JHARKHAND,Purbi Singhbhum,357,70637,41967,28670,186018,47754,138264,6942,1113,5829,537,80,457,91,15,76,0,0,0
JHARKHAND,Ramgarh,361,20696,11808,8888,66739,10236,56503,1629,242,1387,83,12,71,18,1,17,0,0,0
JHARKHAND,Ranchi,364,100762,57411,43351,214288,56620,157668,6769,1258,5511,402,57,345,98,18,80,0,0,0
JHARKHAND,Sahibganj,352,10528,5600,4928,70097,7072,63025,1164,151,1013,117,18,99,43,3,40,0,0,0
JHARKHAND,Saraikela-Kharsawan,369,27610,16058,11552,93609,20682,72927,2898,481,2417,209,40,169,59,9,50,0,0,0
JHARKHAND,Simdega,367,11938,6209,5729,35802,4737,31065,1290,165,1125,83,15,68,12,2,10,0,0,0
KARNATAKA,Bagalkot,556,140268,75745,64523,149720,31217,118503,6899,602,6297,995,114,881,127,17,110,0,0,0
KARNATAKA,Bangalore,572,944016,619842,324174,1354718,638606,716112,57196,9360,47836,5919,2145,3774,1264,491,773,0,0,0
KARNATAKA,Bangalore Rural,583,53364,33027,20337,111206,35922,75284,4526,568,3958,689,136,553,64,15,49,0,0,0
KARNATAKA,Belgaum,555,369436,200914,168522,390021,75694,314327,14823,1470,13353,2456,295,2161,493,39,454,0,0,0
KARNATAKA,Bellary,565,105912,61125,44787,198573,49544,149029,7139,850,6289,624,119,505,65,13,52,0,0,0
KARNATAKA,Bidar,558,30796,17389,13407,111163,16925,94238,3508,227,3281,324,42,282,93,9,84,0,0,0
KARNATAKA,Bijapur,557,101509,55124,46385,145549,27416,118133,5497,493,5004,806,54,752,81,11,70,0,0,0
KARNATAKA,Chamarajanagar,578,26162,13968,12194,57456,9112,48344,1802,158,1644,192,36,156,30,4,26,0,0,0
KARNATAKA,Chikkaballapura,582,35085,21308,13777,94429,18605,75824,3539,456,3083,544,78,466,41,4,37,0,0,0
KARNATAKA,Chikmagalur,570,62456,33365,29091,101831,26783,75048,4970,592,4378,591,102,489,52,20,32,0,0,0
KARNATAKA,Chitradurga,566,50254,27428,22826,112215,22277,89938,4106,438,3668,391,54,337,45,5,40,0,0,0
KARNATAKA,Dakshina Kannada,575,232751,125570,107181,219152,68041,151111,11235,1030,10205,1204,174,1030,226,55,171,0,0,0
KARNATAKA,Davanagere,567,69516,38764,30752,133103,28919,104184,5270,550,4720,429,65,364,59,15,44,0,0,0
KARNATAKA,Dharwad,562,142035,76920,65115,136357,35753,100604,6089,743,5346,944,165,779,102,21,81,0,0,0
KARNATAKA,Gadag,561,76507,40772,35735,77655,14682,62973,3489,329,3160,473,44,429,45,5,40,0,0,0
KARNATAKA,Gulbarga,579,49765,27419,22346,151749,27855,123894,5017,436,4581,545,54,491,84,6,78,0,0,0
KARNATAKA,Hassan,574,61992,33446,28546,156649,36645,120004,6441,638,5803,695,107,588,92,15,77,0,0,0
KARNATAKA,Haveri,564,111603,59483,52120,117318,19894,97424,4033,385,3648,589,61,528,63,4,59,0,0,0
KARNATAKA,Kodagu,576,50858,27972,22886,62216,22520,39696,4010,520,3490,713,155,558,64,13,51,0,0,0
KARNATAKA,Kolar,581,36610,21230,15380,111462,22922,88540,3902,456,3446,563,85,478,45,11,34,0,0,0
KARNATAKA,Koppal,560,62374,34207,28167,106744,21553,85191,4422,419,4003,417,50,367,59,10,49,0,0,0
KARNATAKA,Mandya,573,54351,31504,22847,128115,23365,104750,4952,392,4560,532,73,459,64,7,57,0,0,0
KARNATAKA,Mysore,577,125252,71581,53671,229846,65399,164447,10428,1198,9230,883,163,720,134,41,93,0,0,0
KARNATAKA,Raichur,559,58011,32396,25615,124233,23063,101170,4449,405,4044,424,59,365,39,7,32,0,0,0
KARNATAKA,Ramanagara,584,38208,22604,15604,79686,19168,60518,3235,313,2922,503,100,403,44,13,31,0,0,0
KARNATAKA,Shimoga,568,110179,58864,51315,145121,36423,108698,6264,713,5551,658,120,538,76,14,62,0,0,0
KARNATAKA,Tumkur,571,127642,74076,53566,223224,50884,172340,9723,1048,8675,1470,229,1241,118,26,92,0,0,0
KARNATAKA,Udupi,569,127124,67861,59263,100732,33999,66733,4777,506,4271,290,61,229,72,24,48,0,0,0
KARNATAKA,Uttara Kannada,563,138015,75703,62312,121863,29035,92828,4913,525,4388,614,89,525,98,11,87,0,0,0
KARNATAKA,Yadgir,580,28334,15776,12558,76202,12079,64123,2714,248,2466,293,22,271,36,7,29,0,0,0
KERALA,Alappuzha,598,157994,82559,75435,158778,40405,118373,7977,795,7182,995,212,783,234,43,191,0,0,0
KERALA,Ernakulam,595,303122,161073,142049,334227,109455,224772,19132,2019,17113,1989,455,1534,513,114,399,0,0,0
KERALA,Idukki,596,89132,46335,42797,91963,29786,62177,4831,681,4150,686,172,514,88,19,69,0,0,0
KERALA,Kannur,589,302167,158335,143832,199559,63878,135681,9870,821,9049,1270,292,978,284,57,227,0,0,0
KERALA,Kasaragod,588,135077,71214,63863,105575,29169,76406,4550,394,4156,744,144,600,211,35,176,0,0,0
KERALA,Kollam,600,181225,95345,85880,190097,54523,135574,10506,1065,9441,1630,341,1289,316,55,261,0,0,0
KERALA,Kottayam,597,219076,113096,105980,191113,60087,131026,11805,1420,10385,1286,321,965,276,67,209,0,0,0
KERALA,Kozhikode,591,354299,187514,166785,270440,69751,200689,11948,807,11141,1609,224,1385,670,76,594,0,0,0
KERALA,Malappuram,592,360547,188059,172488,306672,51271,255401,7099,486,6613,1480,167,1313,777,66,711,0,0,0
KERALA,Palakkad,593,233468,121099,112369,225899,50915,174984,9655,893,8762,1291,177,1114,322,56,266,0,0,0
KERALA,Pathanamthitta,599,90790,47890,42900,97859,28803,69056,5973,735,5238,827,210,617,159,47,112,0,0,0
KERALA,Thiruvananthapuram,601,217704,115084,102620,241543,88724,152819,15853,1828,14025,2307,480,1827,488,136,352,0,0,0
KERALA,Thrissur,594,312958,164159,148799,307458,84260,223198,17335,1543,15792,2036,381,1655,537,104,433,0,0,0
KERALA,Wayanad,590,98343,50897,47446,69890,19640,50250,2997,326,2671,659,109,550,160,27,133,0,0,0
LAKSHADWEEP,Lakshadweep,587,6802,4064,2738,8418,5145,3273,206,40,166,30,8,22,23,7,16,0,0,0
MADHYA PRADESH,Alirajpur,465,16246,8304,7942,42713,4229,38484,550,82,468,72,11,61,35,8,27,0,0,0
MADHYA PRADESH,Anuppur,461,20941,11693,9248,54472,10239,44233,1604,316,1288,405,75,330,65,10,55,0,0,0
MADHYA PRADESH,Ashoknagar,459,15123,8363,6760,63017,7663,55354,1166,317,849,120,29,91,19,2,17,0,0,0
MADHYA PRADESH,Balaghat,457,41138,21714,19424,120598,17687,102911,3951,608,3343,855,96,759,348,21,327,0,0,0
MADHYA PRADESH,Barwani,441,51405,27322,24083,110451,16043,94408,1963,319,1644,482,84,398,174,31,143,0,0,0
MADHYA PRADESH,Betul,447,56528,30726,25802,117894,22159,95735,3568,628,2940,879,126,753,270,33,237,0,0,0
MADHYA PRADESH,Bhind,420,25348,14770,10578,122743,15043,107700,3129,728,2401,111,14,97,43,3,40,0,0,0
MADHYA PRADESH,Bhopal,444,129099,77220,51879,208163,78524,129639,8114,1933,6181,620,175,445,265,91,174,0,0,0
MADHYA PRADESH,Burhanpur,467,28818,15589,13229,52240,9370,42870,1359,234,1125,276,32,244,190,17,173,0,0,0
MADHYA PRADESH,Chhatarpur,425,38699,21569,17130,124124,16635,107489,2460,555,1905,321,59,262,95,13,82,0,0,0
MADHYA PRADESH,Chhindwara,455,71361,39400,31961,155001,30925,124076,5380,879,4501,1408,199,1209,383,43,340,0,0,0
MADHYA PRADESH,Damoh,428,23809,13175,10634,89114,11609,77505,2140,432,1708,379,70,309,64,14,50,0,0,0
MADHYA PRADESH,Datia,422,12116,6959,5157,59590,6342,53248,1347,277,1070,106,19,87,23,4,19,0,0,0
MADHYA PRADESH,Dewas,437,76159,41710,34449,131073,23878,107195,3197,686,2511,623,115,508,162,32,130,0,0,0
MADHYA PRADESH,Dhar,438,95367,53997,41370,180793,36170,144623,3492,617,2875,499,101,398,155,30,125,0,0,0
MADHYA PRADESH,Dindori,453,11739,5933,5806,42585,5391,37194,867,149,718,289,56,233,35,7,28,0,0,0
MADHYA PRADESH,Guna,458,24019,14065,9954,96729,14685,82044,1806,500,1306,175,50,125,46,10,36,0,0,0
MADHYA PRADESH,Gwalior,421,66399,40364,26035,153621,39364,114257,5172,1402,3770,212,66,146,87,22,65,0,0,0
MADHYA PRADESH,Harda,448,29571,16394,13177,53369,13112,40257,1714,411,1303,233,50,183,85,24,61,0,0,0
MADHYA PRADESH,Hoshangabad,449,49528,27882,21646,103039,21982,81057,3353,708,2645,549,129,420,138,25,113,0,0,0
MADHYA PRADESH,Indore,439,195554,117072,78482,314062,110742,203320,10657,2507,8150,1047,348,699,440,160,280,0,0,0
MADHYA PRADESH,Jabalpur,451,74975,43185,31790,170883,42859,128024,6113,1291,4822,718,167,551,184,57,127,0,0,0
MADHYA PRADESH,Jhabua,464,47964,25696,22268,73302,8412,64890,942,154,788,184,44,140,64,12,52,0,0,0
MADHYA PRADESH,Katni,450,29300,16181,13119,95271,15197,80074,2372,491,1881,318,44,274,91,15,76,0,0,0
MADHYA PRADESH,Khandwa (East Nimar),466,60158,33760,26398,118082,29362,88720,4699,998,3701,711,184,527,223,68,155,0,0,0
MADHYA PRADESH,Khargone (West Nimar),440,76290,40985,35305,153114,29286,123828,3567,712,2855,735,158,577,253,56,197,0,0,0
MADHYA PRADESH,Mandla,454,23198,12445,10753,69643,10766,58877,1966,369,1597,527,92,435,112,25,87,0,0,0
MADHYA PRADESH,Mandsaur,433,50549,26828,23721,104334,11672,92662,2073,398,1675,483,70,413,155,19,136,0,0,0
MADHYA PRADESH,Morena,419,40364,23791,16573,155479,19832,135647,3726,916,2810,153,31,122,36,6,30,0,0,0
MADHYA PRADESH,Narsimhapur,452,29800,16871,12929,90760,14970,75790,2570,567,2003,534,103,431,173,37,136,0,0,0
MADHYA PRADESH,Neemuch,432,35603,19481,16122,67338,11111,56227,1463,325,1138,372,72,300,110,15,95,0,0,0
MADHYA PRADESH,Panna,426,17652,9872,7780,67840,6702,61138,1291,262,1029,112,24,88,23,3,20,0,0,0
MADHYA PRADESH,Raisen,446,48746,28055,20691,110568,23575,86993,2791,753,2038,509,99,410,151,31,120,0,0,0
MADHYA PRADESH,Rajgarh,442,27086,14638,12448,117685,11531,106154,2056,373,1683,412,55,357,117,21,96,0,0,0
MADHYA PRADESH,Ratlam,434,53308,28251,25057,104699,12900,91799,2065,382,1683,367,59,308,99,16,83,0,0,0
MADHYA PRADESH,Rewa,430,31325,17776,13549,149917,16568,133349,2554,446,2108,229,34,195,52,9,43,0,0,0
MADHYA PRADESH,Sagar,427,55921,31240,24681,181657,29273,152384,4774,1124,3650,740,142,598,175,31,144,0,0,0
MADHYA PRADESH,Satna,429,43222,24723,18499,155184,24970,130214,3467,864,2603,429,105,324,73,17,56,0,0,0
MADHYA PRADESH,Sehore,445,52970,30481,22489,103482,16383,87099,2085,467,1618,449,104,345,145,31,114,0,0,0
MADHYA PRADESH,Seoni,456,42085,22156,19929,100362,16706,83656,3124,557,2567,907,126,781,171,18,153,0,0,0
MADHYA PRADESH,Shahdol,460,18100,9486,8614,74586,10589,63997,1601,326,1275,288,54,234,57,3,54,0,0,0
MADHYA PRADESH,Shajapur,436,57735,31054,26681,116129,12773,103356,2255,435,1820,522,66,456,141,17,124,0,0,0
MADHYA PRADESH,Sheopur,418,14835,8469,6366,55914,5915,49999,862,206,656,90,35,55,23,6,17,0,0,0
MADHYA PRADESH,Shivpuri,423,29365,16772,12593,134762,15285,119477,2930,663,2267,214,67,147,59,10,49,0,0,0
MADHYA PRADESH,Sidhi,462,14852,8280,6572,74286,6873,67413,1124,178,946,195,40,155,29,5,24,0,0,0
MADHYA PRADESH,Singrauli,463,24087,14833,9254,93401,21819,71582,1382,301,1081,185,30,155,33,9,24,0,0,0
MADHYA PRADESH,Tikamgarh,424,13485,7104,6381,102323,7032,95291,1271,206,1065,122,20,102,43,7,36,0,0,0
MADHYA PRADESH,Ujjain,435,93118,50295,42823,154502,25258,129244,4049,858,3191,741,146,595,228,41,187,0,0,0
MADHYA PRADESH,Umaria,431,12608,7208,5400,45539,6874,38665,871,180,691,180,33,147,36,8,28,0,0,0
MADHYA PRADESH,Vidisha,443,38119,21052,17067,108317,18451,89866,2711,740,1971,340,82,258,106,22,84,0,0,0
MAHARASHTRA,Ahmadnagar,522,416174,232664,183510,419330,98979,320351,14085,2065,12020,2667,566,2101,819,132,687,0,0,0
MAHARASHTRA,Akola,501,105181,57566,47615,151686,30404,121282,6113,866,5247,1162,205,957,733,81,652,0,0,0
MAHARASHTRA,Amravati,503,151781,82531,69250,210500,42725,167775,8284,1458,6826,1498,279,1219,614,80,534,0,0,0
MAHARASHTRA,Aurangabad,515,249633,145854,103779,373422,106869,266553,12557,1884,10673,1741,324,1417,684,112,572,0,0,0
MAHARASHTRA,Bhandara,506,51844,28218,23626,102437,21619,80818,4573,618,3955,568,91,477,301,43,258,0,0,0
MAHARASHTRA,Bid,523,77325,44644,32681,196704,27472,169232,5441,562,4879,1059,97,962,272,18,254,0,0,0
MAHARASHTRA,Buldana,500,172873,96967,75906,226841,38420,188421,7426,930,6496,1575,228,1347,813,90,723,0,0,0
MAHARASHTRA,Chandrapur,509,158320,86663,71657,207124,55787,151337,8756,1525,7231,1367,299,1068,448,91,357,0,0,0
MAHARASHTRA,Dhule,498,174752,98137,76615,159637,37182,122455,6111,907,5204,759,163,596,461,84,377,0,0,0
MAHARASHTRA,Gadchiroli,508,71603,39254,32349,85422,20709,64713,3269,440,2829,408,84,324,159,11,148,0,0,0
MAHARASHTRA,Gondiya,507,50156,26993,23163,107435,18816,88619,4211,580,3631,604,115,489,262,29,233,0,0,0
MAHARASHTRA,Hingoli,512,32265,18347,13918,93623,12306,81317,2518,233,2285,447,42,405,225,19,206,0,0,0
MAHARASHTRA,Jalgaon,499,330978,189100,141878,353299,80001,273298,13217,2040,11177,1677,325,1352,1168,207,961,0,0,0
MAHARASHTRA,Jalna,514,64329,36529,27800,152007,24411,127596,4326,533,3793,951,146,805,292,42,250,0,0,0
MAHARASHTRA,Kolhapur,530,368785,206691,162094,354910,90287,264623,13710,2039,11671,1827,395,1432,780,139,641,0,0,0
MAHARASHTRA,Latur,524,88752,51489,37263,196557,39596,156961,6487,846,5641,1047,162,885,278,35,243,0,0,0
MAHARASHTRA,Mumbai,519,194234,137577,56657,184341,94930,89411,5532,1142,4390,1373,1093,280,301,125,176,0,0,0
MAHARASHTRA,Mumbai Suburban,518,606738,404103,202635,651562,303738,347824,21433,4236,17197,2827,1839,988,895,312,583,0,0,0
MAHARASHTRA,Nagpur,505,277117,161522,115595,438970,151548,287422,20982,3760,17222,3031,840,2191,964,199,765,0,0,0
MAHARASHTRA,Nanded,511,94810,55414,39396,250213,41852,208361,7268,889,6379,893,148,745,413,49,364,0,0,0
MAHARASHTRA,Nandurbar,497,108057,63707,44350,112048,22709,89339,3215,485,2730,376,88,288,225,44,181,0,0,0
MAHARASHTRA,Nashik,516,662588,377918,284670,648478,190779,457699,24115,3867,20248,3528,770,2758,1920,317,1603,0,0,0
MAHARASHTRA,Osmanabad,525,78991,44357,34634,122370,18796,103574,3876,408,3468,684,67,617,146,7,139,0,0,0
MAHARASHTRA,Parbhani,513,45787,25774,20013,133289,20002,113287,3937,461,3476,680,62,618,244,22,222,0,0,0
MAHARASHTRA,Pune,521,1190683,725178,465505,1428790,595196,833594,54055,9590,44465,6186,1613,4573,2296,638,1658,0,0,0
MAHARASHTRA,Raigarh,520,270180,156698,113482,372446,151787,220659,13578,2469,11109,1109,364,745,603,171,432,0,0,0
MAHARASHTRA,Ratnagiri,528,115858,64289,51569,133697,38266,95431,5820,852,4968,404,86,318,270,57,213,0,0,0
MAHARASHTRA,Sangli,531,250246,139653,110593,237427,55273,182154,9681,1335,8346,1527,256,1271,367,56,311,0,0,0
MAHARASHTRA,Satara,527,307274,169265,138009,293470,75714,217756,12603,1859,10744,2024,304,1720,523,97,426,0,0,0
MAHARASHTRA,Sindhudurg,529,76960,42047,34913,77910,23266,54644,4009,721,3288,330,79,251,103,23,80,0,0,0
MAHARASHTRA,Solapur,526,288702,161021,127681,312273,66123,246150,11463,1562,9901,2093,327,1766,387,56,331,0,0,0
MAHARASHTRA,Thane,517,1436214,864835,571379,1939532,913163,1026369,85529,17454,68075,7781,3569,4212,3921,1231,2690,0,0,0
MAHARASHTRA,Wardha,504,123380,66930,56450,132003,34596,97407,6504,986,5518,1323,241,1082,362,52,310,0,0,0
MAHARASHTRA,Washim,502,52921,29733,23188,92846,13222,79624,2819,298,2521,504,65,439,256,26,230,0,0,0
MAHARASHTRA,Yavatmal,510,163477,90765,72712,249807,52598,197209,10171,1443,8728,1981,314,1667,634,76,558,0,0,0
MANIPUR,Bishnupur,275,3603,1956,1647,9502,786,8716,165,15,150,43,5,38,28,5,23,0,0,0
MANIPUR,Chandel,280,3751,2013,1738,5361,2126,3235,192,37,155,33,22,11,17,3,14,0,0,0
MANIPUR,Churachandpur,274,22593,11721,10872,16519,7454,9065,1222,195,1027,136,60,76,107,48,59,0,0,0
MANIPUR,Imphal East,278,6145,3188,2957,27447,3331,24116,719,83,636,127,31,96,102,9,93,0,0,0
MANIPUR,Imphal West,277,14734,7735,6999,33799,4787,29012,917,109,808,219,87,132,111,18,93,0,0,0
MANIPUR,Senapati,272,5373,2868,2505,6736,2469,4267,275,44,231,45,18,27,14,1,13,0,0,0
MANIPUR,Tamenglong,273,1683,870,813,1780,621,1159,33,8,25,5,3,2,2,1,1,0,0,0
MANIPUR,Thoubal,276,1437,750,687,17141,858,16283,309,22,287,46,7,39,67,1,66,0,0,0
MANIPUR,Ukhrul,279,7703,4096,3607,5303,2129,3174,185,27,158,20,10,10,15,7,8,0,0,0
MEGHALAYA,East Garo Hills,294,5969,3028,2941,8619,5591,3028,162,46,116,30,11,19,8,3,5,0,0,0
MEGHALAYA,East Khasi Hills,298,42425,22104,20321,37187,19438,17749,1403,190,1213,730,206,524,164,35,129,0,0,0
MEGHALAYA,Jaintia Hills,299,7083,3609,3474,7262,5207,2055,160,30,130,150,37,113,36,8,28,0,0,0
MEGHALAYA,Ribhoi,297,6090,3295,2795,10293,5597,4696,344,81,263,196,90,106,33,11,22,0,0,0
MEGHALAYA,South Garo Hills,295,2657,1403,1254,4695,3512,1183,63,20,43,25,10,15,4,2,2,0,0,0
MEGHALAYA,West Garo Hills,293,17333,8787,8546,31453,15279,16174,829,120,709,159,41,118,39,7,32,0,0,0
MEGHALAYA,West Khasi Hills,296,11463,5949,5514,11284,8397,2887,240,64,176,130,49,81,38,16,22,0,0,0
MIZORAM,Aizawl,283,32248,17230,15018,29096,13201,15895,1656,284,1372,666,272,394,1129,383,746,0,0,0
MIZORAM,Champhai,284,5737,3071,2666,5705,2474,3231,240,44,196,123,54,69,196,78,118,0,0,0
MIZORAM,Kolasib,282,5698,3095,2603,5560,2589,2971,218,48,170,109,63,46,178,69,109,0,0,0
MIZORAM,Lawngtlai,287,5953,3350,2603,6338,2897,3441,275,78,197,90,53,37,125,48,77,0,0,0
MIZORAM,Lunglei,286,7646,4208,3438,6887,3019,3868,243,51,192,186,104,82,141,48,93,0,0,0
MIZORAM,Mamit,281,5072,2888,2184,5190,2486,2704,162,37,125,109,76,33,113,64,49,0,0,0
MIZORAM,Saiha,288,2258,1307,951,1902,909,993,77,12,65,45,28,17,39,15,24,0,0,0
MIZORAM,Serchhip,285,2443,1307,1136,2219,954,1265,78,21,57,47,27,20,64,21,43,0,0,0
NAGALAND,Dimapur,265,47269,25762,21507,43784,18568,25216,1823,277,1546,284,116,168,256,70,186,0,0,0
NAGALAND,Kiphire,269,3824,2200,1624,2577,1246,1331,86,7,79,10,4,6,7,2,5,0,0,0
NAGALAND,Kohima,270,22350,13269,9081,14192,6589,7603,379,69,310,297,180,117,98,17,81,0,0,0
NAGALAND,Longleng,268,2067,1239,828,1972,1094,878,70,14,56,28,11,17,10,4,6,0,0,0
NAGALAND,Mokokchung,262,13933,8152,5781,9104,4713,4391,379,110,269,158,82,76,113,36,77,0,0,0
NAGALAND,Mon,261,9464,5446,4018,8152,3547,4605,214,65,149,93,59,34,24,9,15,0,0,0
NAGALAND,Peren,271,5628,3349,2279,4871,2048,2823,224,67,157,62,34,28,47,16,31,0,0,0
NAGALAND,Phek,266,7591,4333,3258,6132,2940,3192,159,44,115,164,97,67,57,27,30,0,0,0
NAGALAND,Tuensang,267,8754,5029,3725,5463,2386,3077,243,63,180,156,97,59,36,15,21,0,0,0
NAGALAND,Wokha,264,7130,4006,3124,7417,3429,3988,132,33,99,54,28,26,32,9,23,0,0,0
NAGALAND,Zunheboto,263,10955,5766,5189,6197,2887,3310,122,20,102,31,14,17,11,4,7,0,0,0
NCT OF DELHI,Central,95,14080,10146,3934,21769,10146,11623,712,147,565,189,22,167,27,8,19,0,0,0
NCT OF DELHI,East,93,92579,61500,31079,160751,65616,95135,6381,1329,5052,367,105,262,200,63,137,0,0,0
NCT OF DELHI,New Delhi,94,15685,9503,6182,22437,11152,11285,828,161,667,49,14,35,38,22,16,0,0,0
NCT OF DELHI,North,91,37585,25428,12157,64048,27415,36633,2571,618,1953,130,47,83,49,20,29,0,0,0
NCT OF DELHI,North East,92,81640,53692,27948,166228,63179,103049,6611,1653,4958,341,134,207,146,62,84,0,0,0
NCT OF DELHI,North West,90,200669,130559,70110,337605,141210,196395,13153,3392,9761,846,293,553,307,111,196,0,0,0
NCT OF DELHI,South,98,191050,125304,65746,304621,133106,171515,10011,2295,7716,680,246,434,354,105,249,0,0,0
NCT OF DELHI,South West,97,199048,128683,70365,311602,138723,172879,10044,2365,7679,572,222,350,322,111,211,0,0,0
NCT OF DELHI,West,96,116750,78503,38247,199666,87395,112271,7508,1793,5715,429,181,248,234,89,145,0,0,0
ODISHA,Anugul,384,33330,18996,14334,107946,21598,86348,2652,383,2269,282,32,250,59,2,57,0,0,0
ODISHA,Balangir,393,32103,16262,15841,107686,14002,93684,3408,452,2956,487,54,433,158,15,143,0,0,0
ODISHA,Baleshwar,377,34560,18909,15651,177986,20246,157740,3379,385,2994,980,57,923,179,9,170,0,0,0
ODISHA,Bargarh,370,31438,16196,15242,89038,12338,76700,2371,374,1997,597,43,554,184,10,174,0,0,0
ODISHA,Baudh,391,9214,4869,4345,29335,4156,25179,731,123,608,178,31,147,51,2,49,0,0,0
ODISHA,Bhadrak,378,16779,9166,7613,102607,9164,93443,1728,188,1540,441,27,414,86,5,81,0,0,0
ODISHA,Cuttack,381,77671,45506,32165,201372,38346,163026,4987,786,4201,743,94,649,228,24,204,0,0,0
ODISHA,Debagarh,373,6307,3786,2521,21636,2861,18775,514,68,446,95,11,84,13,1,12,0,0,0
ODISHA,Dhenkanal,383,25708,13996,11712,86713,12196,74517,1981,270,1711,302,24,278,59,3,56,0,0,0
ODISHA,Gajapati,389,26013,13125,12888,30488,5444,25044,1057,122,935,139,25,114,44,10,34,0,0,0
ODISHA,Ganjam,388,151149,86408,64741,249298,51717,197581,8671,1236,7435,956,115,841,229,29,200,0,0,0
ODISHA,Jagatsinghapur,380,24248,13545,10703,80457,9472,70985,1309,187,1122,267,21,246,109,6,103,0,0,0
ODISHA,Jajapur,382,29765,16555,13210,133289,14915,118374,2543,328,2215,522,33,489,141,14,127,0,0,0
ODISHA,Jharsuguda,371,28245,16146,12099,52426,14943,37483,1607,294,1313,305,56,249,70,9,61,0,0,0
ODISHA,Kalahandi,395,32018,17829,14189,103031,12756,90275,2760,373,2387,559,60,499,139,14,125,0,0,0
ODISHA,Kandhamal,390,40704,19746,20958,53399,8669,44730,1754,245,1509,540,47,493,140,11,129,0,0,0
ODISHA,Kendrapara,379,19555,10984,8571,99103,8854,90249,1551,184,1367,379,35,344,122,3,119,0,0,0
ODISHA,Kendujhar,375,61447,32976,28471,139424,22532,116892,3330,434,2896,550,43,507,132,8,124,0,0,0
ODISHA,Khordha,386,155561,92355,63206,252838,81825,171013,8338,1523,6815,921,145,776,256,38,218,0,0,0
ODISHA,Koraput,398,59424,29796,29628,92727,18431,74296,3047,468,2579,609,81,528,85,10,75,0,0,0
ODISHA,Malkangiri,399,26371,13080,13291,38883,5762,33121,1108,198,910,232,38,194,29,3,26,0,0,0
ODISHA,Mayurbhanj,376,87502,45375,42127,177955,20775,157180,5249,614,4635,1299,107,1192,234,21,213,0,0,0
ODISHA,Nabarangapur,397,31139,14222,16917,79811,9931,69880,1882,293,1589,463,76,387,68,6,62,0,0,0
ODISHA,Nayagarh,385,19602,11013,8589,68293,7809,60484,1319,186,1133,249,30,219,62,1,61,0,0,0
ODISHA,Nuapada,394,15835,7491,8344,42556,5432,37124,1411,183,1228,184,33,151,72,3,69,0,0,0
ODISHA,Puri,387,32767,18498,14269,113935,14765,99170,2466,394,2072,413,47,366,103,6,97,0,0,0
ODISHA,Rayagada,396,39026,21032,17994,58900,11979,46921,2382,287,2095,268,35,233,42,7,35,0,0,0
ODISHA,Sambalpur,372,41338,22554,18784,80924,19448,61476,2762,474,2288,528,80,448,104,9,95,0,0,0
ODISHA,Subarnapur,392,10518,5510,5008,39958,5061,34897,940,151,789,179,22,157,36,2,34,0,0,0
ODISHA,Sundargarh,374,88071,48407,39664,155558,38564,116994,4814,904,3910,498,93,405,142,18,124,0,0,0
PUDUCHERRY,Karaikal,637,15712,8343,7369,20212,7128,13084,1348,166,1182,184,48,136,28,4,24,0,0,0
PUDUCHERRY,Mahe,636,5021,2726,2295,3775,1362,2413,205,16,189,21,3,18,2,0,2,0,0,0
PUDUCHERRY,Puducherry,635,98502,52406,46096,108460,42516,65944,7930,1054,6876,919,199,720,206,46,160,0,0,0
PUDUCHERRY,Yanam,634,5435,2950,2485,8012,3528,4484,709,64,645,48,7,41,12,2,10,0,0,0
PUNJAB,Amritsar,49,61954,36122,25832,170802,40713,130089,6804,1549,5255,740,349,391,322,120,202,0,0,0
PUNJAB,Barnala,54,42356,24195,18161,51080,10162,40918,1236,289,947,381,199,182,81,24,57,0,0,0
PUNJAB,Bathinda,46,79923,47315,32608,130861,34407,96454,3159,695,2464,539,279,260,156,36,120,0,0,0
PUNJAB,Faridkot,45,24244,13590,10654,48038,7316,40722,1428,292,1136,162,46,116,67,16,51,0,0,0
PUNJAB,Fatehgarh Sahib,40,38089,22921,15168,56796,14217,42579,1657,455,1202,795,583,212,106,41,65,0,0,0
PUNJAB,Firozpur,43,59676,34138,25538,168880,28089,140791,4605,1221,3384,763,319,444,225,68,157,0,0,0
PUNJAB,Gurdaspur,35,40829,23408,17421,161381,20493,140888,4286,713,3573,355,88,267,133,37,96,0,0,0
PUNJAB,Hoshiarpur,38,69525,39603,29922,138011,28811,109200,4712,1090,3622,736,215,521,372,90,282,0,0,0
PUNJAB,Jalandhar,37,114634,66806,47828,187708,54610,133098,7195,1671,5524,1706,771,935,469,122,347,0,0,0
PUNJAB,Kapurthala,36,32219,19067,13152,68206,16896,51310,2394,546,1848,1112,868,244,157,62,95,0,0,0
PUNJAB,Ludhiana,41,230612,136972,93640,326514,113191,213323,11620,3159,8461,2018,1205,813,703,291,412,0,0,0
PUNJAB,Mansa,47,39911,22329,17582,57752,7949,49803,1409,266,1143,391,220,171,80,32,48,0,0,0
PUNJAB,Moga,42,44320,24466,19854,70992,11335,59657,2348,513,1835,393,128,265,136,42,94,0,0,0
PUNJAB,Muktsar,44,25633,14726,10907,72324,10023,62301,1883,378,1505,369,159,210,95,33,62,0,0,0
PUNJAB,Patiala,48,101584,58631,42953,171164,38652,132512,5733,1382,4351,841,418,423,290,118,172,0,0,0
PUNJAB,Rupnagar,51,39002,22049,16953,59331,12474,46857,1940,409,1531,209,90,119,97,35,62,0,0,0
PUNJAB,Sahibzada Ajit Singh Nagar,52,113707,66779,46928,166614,66266,100348,7016,1805,5211,737,359,378,369,151,218,0,0,0
PUNJAB,Sangrur,53,85015,48832,36183,128402,19933,108469,3399,708,2691,573,204,369,210,64,146,0,0,0
PUNJAB,Shahid Bhagat Singh Nagar,39,28923,16290,12633,48636,9073,39563,1585,329,1256,349,85,264,137,33,104,0,0,0
PUNJAB,Tarn Taran,50,14358,8007,6351,79023,9419,69604,2418,410,2008,170,44,126,86,23,63,0,0,0
RAJASTHAN,Ajmer,119,60869,34263,26606,206998,29524,177474,5244,817,4427,522,120,402,150,33,117,0,0,0
RAJASTHAN,Alwar,104,93041,55052,37989,331390,49429,281961,5610,1147,4463,389,84,305,117,26,91,0,0,0
RAJASTHAN,Banswara,125,34474,18611,15863,121480,8304,113176,1471,154,1317,308,29,279,79,15,64,0,0,0
RAJASTHAN,Baran,128,29846,16605,13241,100029,14385,85644,1913,414,1499,370,77,293,73,11,62,0,0,0
RAJASTHAN,Barmer,115,27354,15267,12087,167718,12307,155411,1810,235,1575,72,18,54,22,7,15,0,0,0
RAJASTHAN,Bharatpur,105,29109,16076,13033,189052,13588,175464,2914,469,2445,256,37,219,74,7,67,0,0,0
RAJASTHAN,Bhilwara,122,58711,32977,25734,210035,34200,175835,4198,705,3493,720,152,568,134,30,104,0,0,0
RAJASTHAN,Bikaner,101,66676,37091,29585,161317,20367,140950,2339,416,1923,199,48,151,49,11,38,0,0,0
RAJASTHAN,Bundi,121,41045,22946,18099,94953,14547,80406,1990,416,1574,538,125,413,96,21,75,0,0,0
RAJASTHAN,Chittaurgarh,126,46871,25737,21134,132927,19537,113390,2705,487,2218,746,138,608,204,33,171,0,0,0
RAJASTHAN,Churu,102,22870,12140,10730,147580,9596,137984,1753,194,1559,162,25,137,95,13,82,0,0,0
RAJASTHAN,Dausa,109,20870,11587,9283,128258,10510,117748,1970,315,1655,122,21,101,30,4,26,0,0,0
RAJASTHAN,Dhaulpur,106,31923,18871,13052,90220,9416,80804,1846,387,1459,108,14,94,17,3,14,0,0,0
RAJASTHAN,Dungarpur,124,39570,21634,17936,93145,8568,84577,1210,138,1072,403,43,360,116,8,108,0,0,0
RAJASTHAN,Ganganagar,99,135618,77424,58194,203292,50549,152743,6319,1616,4703,769,245,524,298,117,181,0,0,0
RAJASTHAN,Hanumangarh,100,78998,44399,34599,164558,30339,134219,3824,910,2914,402,93,309,145,50,95,0,0,0
RAJASTHAN,Jaipur,110,218648,131635,87013,558677,137144,421533,13562,3058,10504,836,262,574,346,105,241,0,0,0
RAJASTHAN,Jaisalmer,114,18593,10847,7746,53191,9554,43637,741,153,588,38,9,29,9,4,5,0,0,0
RAJASTHAN,Jalor,116,39211,21577,17634,127930,11754,116176,1757,209,1548,165,25,140,40,6,34,0,0,0
RAJASTHAN,Jhalawar,129,38633,21330,17303,123144,14404,108740,2621,434,2187,695,86,609,99,11,88,0,0,0
RAJASTHAN,Jhunjhunun,103,53913,32173,21740,170003,23634,146369,3018,497,2521,224,39,185,114,12,102,0,0,0
RAJASTHAN,Jodhpur,113,94448,54817,39631,248921,37809,211112,4008,687,3321,160,44,116,71,23,48,0,0,0
RAJASTHAN,Karauli,107,27985,16282,11703,112259,8664,103595,1768,261,1507,130,19,111,30,5,25,0,0,0
RAJASTHAN,Kota,127,80031,50984,29047,170429,47480,122949,4475,1096,3379,636,194,442,168,44,124,0,0,0
RAJASTHAN,Nagaur,112,51614,27690,23924,249156,18835,230321,2973,436,2537,164,30,134,50,8,42,0,0,0
RAJASTHAN,Pali,118,55634,30699,24935,137202,19279,117923,2899,434,2465,370,81,289,116,17,99,0,0,0
RAJASTHAN,Pratapgarh,131,19466,10332,9134,65156,4390,60766,809,121,688,192,30,162,53,7,46,0,0,0
RAJASTHAN,Rajsamand,123,28915,15793,13122,93221,12276,80945,1542,217,1325,397,60,337,101,13,88,0,0,0
RAJASTHAN,Sawai Madhopur,108,17137,9724,7413,104187,9448,94739,1558,257,1301,234,52,182,61,9,52,0,0,0
RAJASTHAN,Sikar,111,39945,21868,18077,201387,20800,180587,2919,438,2481,196,39,157,73,7,66,0,0,0
RAJASTHAN,Sirohi,117,35801,20613,15188,79475,12693,66782,1653,258,1395,155,45,110,64,15,49,0,0,0
RAJASTHAN,Tonk,120,28127,12026,16101,111806,10295,101511,2002,280,1722,329,39,290,67,7,60,0,0,0
RAJASTHAN,Udaipur,130,60438,34524,25914,229883,29156,200727,3642,510,3132,726,107,619,206,35,171,0,0,0
SIKKIM,East District,244,25811,14778,11033,31576,12724,18852,891,243,648,349,149,200,118,55,63,0,0,0
SIKKIM,North  District,241,3433,2166,1267,4851,2784,2067,83,33,50,28,22,6,14,11,3,0,0,0
SIKKIM,South District,243,7891,4790,3101,13353,4716,8637,349,81,268,154,66,88,30,20,10,0,0,0
SIKKIM,West District,242,4190,2365,1825,9026,1971,7055,210,54,156,95,34,61,22,12,10,0,0,0
TAMIL NADU,Ariyalur,616,44119,23586,20533,44378,7851,36527,1987,230,1757,282,43,239,37,8,29,0,0,0
TAMIL NADU,Chennai,603,155787,92541,63246,205833,86967,118866,11202,1723,9479,986,280,706,243,71,172,0,0,0
TAMIL NADU,Coimbatore,632,277472,153885,123587,447415,193183,254232,28527,4336,24191,3604,824,2780,595,177,418,0,0,0
TAMIL NADU,Cuddalore,617,106407,57230,49177,175421,43088,132333,8467,1146,7321,796,130,666,147,27,120,0,0,0
TAMIL NADU,Dharmapuri,630,71163,38994,32169,92705,19335,73370,3705,414,3291,835,106,729,90,11,79,0,0,0
TAMIL NADU,Dindigul,612,82181,43875,38306,134394,37148,97246,6636,988,5648,858,172,686,157,30,127,0,0,0
TAMIL NADU,Erode,610,159432,88035,71397,225843,79808,146035,14903,2264,12639,2846,635,2211,329,73,256,0,0,0
TAMIL NADU,Kancheepuram,604,421884,236672,185212,614383,263951,350432,39222,5903,33319,4281,1003,3278,769,237,532,0,0,0
TAMIL NADU,Kanniyakumari,629,68727,36096,32631,136072,35944,100128,6623,920,5703,828,125,703,112,19,93,0,0,0
TAMIL NADU,Karur,613,87747,47649,40098,101613,33341,68272,6428,957,5471,1165,217,948,127,23,104,0,0,0
TAMIL NADU,Krishnagiri,631,90664,50593,40071,152594,42362,110232,5930,738,5192,997,162,835,135,28,107,0,0,0
TAMIL NADU,Madurai,623,139320,75827,63493,234132,86653,147479,13976,2167,11809,1557,348,1209,383,81,302,0,0,0
TAMIL NADU,Nagapattinam,618,118681,61295,57386,116203,25257,90946,5869,741,5128,714,104,610,113,19,94,0,0,0
TAMIL NADU,Namakkal,609,156893,86655,70238,158033,51865,106168,9842,1412,8430,2025,414,1611,209,38,171,0,0,0
TAMIL NADU,Perambalur,615,40610,22620,17990,35219,7548,27671,1557,193,1364,200,34,166,31,10,21,0,0,0
TAMIL NADU,Pudukkottai,621,110922,58217,52705,108530,20904,87626,3931,486,3445,677,75,602,103,17,86,0,0,0
TAMIL NADU,Ramanathapuram,626,37470,20581,16889,60549,18138,42411,2192,358,1834,279,50,229,51,8,43,0,0,0
TAMIL NADU,Salem,608,147330,82066,65264,224566,60158,164408,10753,1616,9137,1968,370,1598,226,43,183,0,0,0
TAMIL NADU,Sivaganga,622,71007,38034,32973,103677,29967,73710,4690,717,3973,611,119,492,153,30,123,0,0,0
TAMIL NADU,Thanjavur,620,196405,102663,93742,178762,45931,132831,9889,1268,8621,1356,242,1114,221,46,175,0,0,0
TAMIL NADU,The Nilgiris,611,37131,19426,17705,48231,14634,33597,2490,305,2185,420,63,357,92,16,76,0,0,0
TAMIL NADU,Theni,624,53720,28553,25167,77192,23309,53883,4260,553,3707,474,95,379,100,17,83,0,0,0
TAMIL NADU,Thiruvallur,602,329415,184455,144960,515530,219976,295554,31220,4889,26331,3081,731,2350,541,140,401,0,0,0
TAMIL NADU,Thiruvarur,619,62200,32575,29625,86129,18042,68087,4104,498,3606,543,94,449,98,18,80,0,0,0
TAMIL NADU,Thoothukkudi,627,98320,50306,48014,129111,44334,84777,7338,1165,6173,1072,249,823,126,27,99,0,0,0
TAMIL NADU,Tiruchirappalli,614,181642,98510,83132,223075,72741,150334,14156,2027,12129,1758,372,1386,308,65,243,0,0,0
TAMIL NADU,Tirunelveli,628,143573,75402,68171,211344,61282,150062,10739,1492,9247,1357,223,1134,275,46,229,0,0,0
TAMIL NADU,Tiruppur,633,256475,141480,114995,368853,155099,213754,20315,3032,17283,3453,667,2786,402,110,292,0,0,0
TAMIL NADU,Tiruvannamalai,606,77219,40866,36353,138027,24703,113324,5305,629,4676,672,127,545,87,9,78,0,0,0
TAMIL NADU,Vellore,605,172611,93428,79183,263087,66595,196492,13455,1634,11821,1767,290,1477,266,61,205,0,0,0
TAMIL NADU,Viluppuram,607,114151,60921,53230,187240,33930,153310,6946,811,6135,850,126,724,121,25,96,0,0,0
TAMIL NADU,Virudhunagar,625,98481,52165,46316,144996,50442,94554,7574,1183,6391,1053,205,848,185,40,145,0,0,0
TELANGANA,Adilabad,532,64576,34407,30169,169808,41288,128520,6520,764,5756,684,115,569,264,32,232,0,0,0
TELANGANA,Hyderabad,536,202612,115359,87253,243914,115380,128534,11901,2066,9835,964,302,662,446,147,299,0,0,0
TELANGANA,Karimnagar,534,108365,57922,50443,243574,57990,185584,9219,1083,8136,813,121,692,317,51,266,0,0,0
TELANGANA,Khammam,541,148755,77544,71211,237897,69120,168777,11196,1564,9632,1615,285,1330,274,59,215,0,0,0
TELANGANA,Mahbubnagar,538,82232,45083,37149,248060,32818,215242,7709,598,7111,856,70,786,141,17,124,0,0,0
TELANGANA,Medak,535,131050,73294,57756,256196,59980,196216,8561,743,7818,929,94,835,216,29,187,0,0,0
TELANGANA,Nalgonda,539,147364,79788,67576,265378,57298,208080,10033,1052,8981,1473,173,1300,273,27,246,0,0,0
TELANGANA,Nizamabad,533,70652,37896,32756,158209,30773,127436,5911,643,5268,683,96,587,247,22,225,0,0,0
TELANGANA,Rangareddy,537,472102,269547,202555,736478,323332,413146,30855,4560,26295,2205,534,1671,573,152,421,0,0,0
TELANGANA,Warangal,540,133202,71966,61236,231934,55012,176922,9025,1006,8019,859,143,716,227,31,196,0,0,0
TRIPURA,Dhalai,291,10098,5644,4454,24119,6706,17413,1027,181,846,162,46,116,75,19,56,0,0,0
TRIPURA,North Tripura,292,17717,10144,7573,46825,10415,36410,1838,269,1569,356,60,296,199,34,165,0,0,0
TRIPURA,South Tripura,290,16098,8984,7114,63375,11348,52027,1589,219,1370,467,139,328,118,11,107,0,0,0
TRIPURA,West Tripura,289,34230,19391,14839,130087,29887,100200,4664,567,4097,786,166,620,251,32,219,0,0,0
UTTAR PRADESH,Agra,146,63816,35143,28673,242820,39233,203587,6460,1439,5021,269,63,206,134,42,92,0,0,0
UTTAR PRADESH,Aligarh,143,73616,42666,30950,244712,40265,204447,6785,1495,5290,292,95,197,106,31,75,0,0,0
UTTAR PRADESH,Allahabad,175,78641,46602,32039,281128,39116,242012,6801,1511,5290,264,49,215,137,32,105,0,0,0
UTTAR PRADESH,Ambedkar Nagar,178,10789,5291,5498,119465,6760,112705,1828,213,1615,112,17,95,54,7,47,0,0,0
UTTAR PRADESH,Auraiya,162,16054,9205,6849,88743,10001,78742,2123,468,1655,130,22,108,25,2,23,0,0,0
UTTAR PRADESH,Azamgarh,191,22794,11379,11415,225636,11174,214462,3031,371,2660,127,23,104,67,9,58,0,0,0
UTTAR PRADESH,Baghpat,139,19391,11253,8138,85653,10354,75299,1744,378,1366,132,26,106,39,6,33,0,0,0
UTTAR PRADESH,Bahraich,180,18876,9940,8936,189262,13910,175352,3434,637,2797,163,36,127,118,18,100,0,0,0
UTTAR PRADESH,Ballia,193,18253,9148,9105,150408,8488,141920,2526,328,2198,108,8,100,72,11,61,0,0,0
UTTAR PRADESH,Balrampur,182,8533,4363,4170,116368,5138,111230,1445,222,1223,98,14,84,40,2,38,0,0,0
UTTAR PRADESH,Banda,170,13632,8149,5483,101539,8049,93490,1910,312,1598,160,11,149,23,1,22,0,0,0
UTTAR PRADESH,Bara Banki,176,20512,10773,9739,166563,13374,153189,3268,591,2677,194,52,142,101,21,80,0,0,0
UTTAR PRADESH,Bareilly,150,65468,35505,29963,232168,37807,194361,6976,1789,5187,334,104,230,131,37,94,0,0,0
UTTAR PRADESH,Basti,185,14036,7469,6567,136040,8535,127505,2106,307,1799,78,18,60,40,3,37,0,0,0
UTTAR PRADESH,Bijnor,134,30761,16649,14112,205165,19138,186027,4078,747,3331,175,32,143,100,13,87,0,0,0
UTTAR PRADESH,Budaun,149,21172,9971,11201,199818,12357,187461,4274,639,3635,197,29,168,61,8,53,0,0,0
UTTAR PRADESH,Bulandshahr,142,41142,23339,17803,242073,24768,217305,5145,863,4282,424,66,358,141,28,113,0,0,0
UTTAR PRADESH,Chandauli,196,14060,7546,6514,113258,8084,105174,1829,260,1569,75,14,61,51,7,44,0,0,0
UTTAR PRADESH,Chitrakoot,171,6562,3693,2869,59640,4205,55435,1039,164,875,70,9,61,15,0,15,0,0,0
UTTAR PRADESH,Deoria,190,21580,11318,10262,167520,10888,156632,2606,433,2173,131,23,108,49,2,47,0,0,0
UTTAR PRADESH,Etah,201,16467,9483,6984,105897,9418,96479,2058,426,1632,106,17,89,26,3,23,0,0,0
UTTAR PRADESH,Etawah,161,23925,13948,9977,103995,14165,89830,2568,654,1914,102,26,76,29,5,24,0,0,0
UTTAR PRADESH,Faizabad,177,21324,11564,9760,135316,12322,122994,2664,463,2201,211,45,166,63,11,52,0,0,0
UTTAR PRADESH,Farrukhabad,159,17749,10120,7629,113348,10841,102507,2471,604,1867,134,32,102,35,11,24,0,0,0
UTTAR PRADESH,Fatehpur,172,16952,9268,7684,131480,10763,120717,2531,420,2111,178,19,159,48,8,40,0,0,0
UTTAR PRADESH,Firozabad,147,32340,18133,14207,151995,21218,130777,4335,925,3410,208,55,153,63,21,42,0,0,0
UTTAR PRADESH,Gautam Buddha Nagar,141,160327,97203,63124,265683,108384,157299,7475,1855,5620,353,133,220,226,90,136,0,0,0
UTTAR PRADESH,Ghaziabad,140,353891,205114,148777,566670,215174,351496,21305,5790,15515,943,368,575,523,221,302,0,0,0
UTTAR PRADESH,Ghazipur,195,17452,8368,9084,177030,9322,167708,2772,333,2439,122,21,101,48,11,37,0,0,0
UTTAR PRADESH,Gonda,183,17928,9297,8631,187833,11359,176474,2634,382,2252,105,23,82,43,5,38,0,0,0
UTTAR PRADESH,Gorakhpur,188,36236,19117,17119,231162,22253,208909,4316,844,3472,125,24,101,64,11,53,0,0,0
UTTAR PRADESH,Hamirpur,168,8705,5210,3495,62229,5661,56568,1188,238,950,93,17,76,27,3,24,0,0,0
UTTAR PRADESH,Hardoi,155,19586,10254,9332,199004,13192,185812,3627,692,2935,170,47,123,39,7,32,0,0,0
UTTAR PRADESH,Jalaun,165,16810,9713,7097,108276,11263,97013,2320,517,1803,113,25,88,24,1,23,0,0,0
UTTAR PRADESH,Jaunpur,194,21445,9883,11562,219863,9997,209866,2795,325,2470,130,50,80,41,4,37,0,0,0
UTTAR PRADESH,Jhansi,166,28961,16730,12231,133013,18601,114412,2810,498,2312,157,40,117,68,11,57,0,0,0
UTTAR PRADESH,Jyotiba Phule Nagar,137,17282,9586,7696,104711,10352,94359,2037,404,1633,109,23,86,57,8,49,0,0,0
UTTAR PRADESH,Kannauj,160,11380,6298,5082,92398,6823,85575,1600,265,1335,117,15,102,34,3,31,0,0,0
UTTAR PRADESH,Kanpur Dehat,163,14375,8456,5919,101236,8567,92669,2017,437,1580,153,26,127,35,7,28,0,0,0
UTTAR PRADESH,Kanpur Nagar,164,96862,60651,36211,238678,69774,168904,10064,3802,6262,726,471,255,325,215,110,0,0,0
UTTAR PRADESH,Kanshiram Nagar,202,14442,7949,6493,87634,7763,79871,1939,397,1542,145,27,118,45,8,37,0,0,0
UTTAR PRADESH,Kaushambi,174,5642,2777,2865,72869,3815,69054,1274,118,1156,68,11,57,27,2,25,0,0,0
UTTAR PRADESH,Kheri,153,34286,18883,15403,228323,22372,205951,5301,1142,4159,322,100,222,99,23,76,0,0,0
UTTAR PRADESH,Kushinagar,189,13662,6333,7329,176204,8427,167777,2394,242,2152,86,9,77,44,3,41,0,0,0
UTTAR PRADESH,Lalitpur,167,10568,5624,4944,90506,6380,84126,1214,190,1024,95,22,73,36,8,28,0,0,0
UTTAR PRADESH,Lucknow,157,203623,118278,85345,352839,123950,228889,13454,3558,9896,656,217,439,311,97,214,0,0,0
UTTAR PRADESH,Mahamaya Nagar,144,10115,5313,4802,98607,6480,92127,1746,309,1437,101,22,79,28,5,23,0,0,0
UTTAR PRADESH,Mahoba,169,8666,4896,3770,52839,5249,47590,1063,228,835,69,13,56,19,5,14,0,0,0
UTTAR PRADESH,Mahrajganj,187,10884,5150,5734,139486,6421,133065,1810,236,1574,47,5,42,40,5,35,0,0,0
UTTAR PRADESH,Mainpuri,148,16212,8836,7376,112266,9423,102843,2402,398,2004,93,17,76,19,2,17,0,0,0
UTTAR PRADESH,Mathura,145,49398,28368,21030,181731,26968,154763,5253,1095,4158,316,118,198,99,27,72,0,0,0
UTTAR PRADESH,Mau,192,13797,7699,6098,98273,6550,91723,1619,232,1387,67,12,55,66,4,62,0,0,0
UTTAR PRADESH,Meerut,138,84904,48924,35980,243239,51694,191545,7329,1723,5606,357,113,244,170,52,118,0,0,0
UTTAR PRADESH,Mirzapur,199,13611,7375,6236,145506,8274,137232,2263,303,1960,103,23,80,47,5,42,0,0,0
UTTAR PRADESH,Moradabad,135,46947,24998,21949,248013,28786,219227,5621,906,4715,265,65,200,89,21,68,0,0,0
UTTAR PRADESH,Muzaffarnagar,133,59142,34640,24502,270179,34996,235183,5932,1399,4533,394,86,308,143,36,107,0,0,0
UTTAR PRADESH,Pilibhit,151,13735,7753,5982,112195,10029,102166,2190,490,1700,134,34,100,46,8,38,0,0,0
UTTAR PRADESH,Pratapgarh,173,13848,6360,7488,150440,8973,141467,2560,303,2257,149,19,130,58,6,52,0,0,0
UTTAR PRADESH,Rae Bareli,158,23556,12346,11210,170353,14931,155422,3082,532,2550,210,46,164,59,6,53,0,0,0
UTTAR PRADESH,Rampur,136,20385,11752,8633,112262,11086,101176,2230,420,1810,125,34,91,50,9,41,0,0,0
UTTAR PRADESH,Saharanpur,132,51279,31769,19510,209732,26326,183406,4480,977,3503,241,47,194,135,32,103,0,0,0
UTTAR PRADESH,Sant Kabir Nagar,186,7566,3562,4004,89414,3543,85871,945,108,837,45,5,40,24,1,23,0,0,0
UTTAR PRADESH,Sant Ravidas Nagar (Bhadohi),198,6882,3272,3610,96829,4722,92107,1017,100,917,50,8,42,30,3,27,0,0,0
UTTAR PRADESH,Shahjahanpur,152,22285,12066,10219,164164,15353,148811,3747,797,2950,158,43,115,39,9,30,0,0,0
UTTAR PRADESH,Shrawasti,181,3815,1848,1967,62387,2644,59743,769,120,649,25,6,19,11,0,11,0,0,0
UTTAR PRADESH,Siddharthnagar,184,9814,4673,5141,133688,6549,127139,1538,285,1253,81,12,69,36,6,30,0,0,0
UTTAR PRADESH,Sitapur,154,28635,14956,13679,243647,18254,225393,4906,988,3918,261,75,186,110,30,80,0,0,0
UTTAR PRADESH,Sonbhadra,200,28333,15915,12418,124044,17187,106857,1987,382,1605,110,18,92,44,6,38,0,0,0
UTTAR PRADESH,Sultanpur,179,22423,11670,10753,201209,13961,187248,3031,448,2583,224,21,203,86,9,77,0,0,0
UTTAR PRADESH,Unnao,156,29693,16221,13472,168279,18618,149661,4229,855,3374,236,50,186,70,18,52,0,0,0
UTTAR PRADESH,Varanasi,197,72690,42084,30606,222300,38731,183569,5942,1610,4332,272,77,195,132,33,99,0,0,0
UTTARAKHAND,Almora,64,18951,10621,8330,51158,8797,42361,1507,180,1327,168,17,151,39,7,32,0,0,0
UTTARAKHAND,Bageshwar,63,5983,3568,2415,21241,3565,17676,526,64,462,59,9,50,10,1,9,0,0,0
UTTARAKHAND,Chamoli,57,18943,11963,6980,40689,11607,29082,1053,186,867,75,21,54,23,6,17,0,0,0
UTTARAKHAND,Champawat,65,10666,6246,4420,23657,5159,18498,867,128,739,54,6,48,12,5,7,0,0,0
UTTARAKHAND,Dehradun,60,150762,91940,58822,209387,77429,131958,9562,2017,7545,592,179,413,313,94,219,0,0,0
UTTARAKHAND,Garhwal,61,37554,22344,15210,72107,18918,53189,2762,455,2307,201,45,156,55,13,42,0,0,0
UTTARAKHAND,Hardwar,68,79299,49825,29474,174201,44961,129240,4978,1366,3612,347,115,232,141,41,100,0,0,0
UTTARAKHAND,Nainital,66,64954,39016,25938,108135,35267,72868,4736,857,3879,266,86,180,91,20,71,0,0,0
UTTARAKHAND,Pithoragarh,62,27776,17274,10502,51995,12709,39286,2010,245,1765,155,23,132,38,8,30,0,0,0
UTTARAKHAND,Rudraprayag,58,6484,4022,2462,21458,4126,17332,438,45,393,31,6,25,11,3,8,0,0,0
UTTARAKHAND,Tehri Garhwal,59,28004,17469,10535,62346,16008,46338,1693,272,1421,123,30,93,25,6,19,0,0,0
UTTARAKHAND,Udham Singh Nagar,67,90163,53260,36903,163647,50129,113518,6042,1441,4601,415,133,282,139,41,98,0,0,0
UTTARAKHAND,Uttarkashi,56,14604,8648,5956,29704,7442,22262,724,151,573,40,14,26,8,3,5,0,0,0
WEST BENGAL,Bankura,339,100637,53189,47448,266691,19863,246828,4690,338,4352,654,73,581,398,23,375,0,0,0
WEST BENGAL,Barddhaman,335,252590,136178,116412,553267,85741,467526,14445,1828,12617,1993,349,1644,897,91,806,0,0,0
WEST BENGAL,Birbhum,334,73975,39264,34711,247005,26295,220710,4982,555,4427,716,83,633,484,34,450,0,0,0
WEST BENGAL,Dakshin Dinajpur,331,25273,13818,11455,109196,12963,96233,2628,267,2361,432,55,377,180,23,157,0,0,0
WEST BENGAL,Darjiling,327,64002,35740,28262,118657,32088,86569,4376,734,3642,701,206,495,209,91,118,0,0,0
WEST BENGAL,Haora,341,149160,83521,65639,341129,64811,276318,9339,1346,7993,1488,525,963,407,74,333,0,0,0
WEST BENGAL,Hugli,338,232955,125838,107117,433126,74460,358666,12887,1685,11202,1919,451,1468,536,87,449,0,0,0
WEST BENGAL,Jalpaiguri,328,118820,65137,53683,256819,50053,206766,8762,1294,7468,1359,312,1047,359,77,282,0,0,0
WEST BENGAL,Koch Bihar,329,42768,22940,19828,183833,17905,165928,4044,429,3615,729,106,623,129,11,118,0,0,0
WEST BENGAL,Kolkata,342,74099,46049,28050,116191,50863,65328,6653,1285,5368,1314,772,542,319,58,261,0,0,0
WEST BENGAL,Maldah,332,51559,29224,22335,250891,28302,222589,4750,503,4247,572,65,507,358,43,315,0,0,0
WEST BENGAL,Murshidabad,333,153953,82172,71781,445207,44473,400734,7242,661,6581,1054,104,950,802,70,732,0,0,0
WEST BENGAL,Nadia,336,203337,108245,95092,360865,48220,312645,9083,1157,7926,1871,307,1564,456,61,395,0,0,0
WEST BENGAL,North Twenty Four Parganas,337,437454,244657,192797,857941,225787,632154,37983,5668,32315,5599,1266,4333,1716,303,1413,0,0,0
WEST BENGAL,Paschim Medinipur,344,76559,40618,35941,413060,33499,379561,6625,715,5910,861,149,712,336,40,296,0,0,0
WEST BENGAL,Purba Medinipur,345,67760,39277,28483,389634,30916,358718,5083,455,4628,1060,153,907,517,40,477,0,0,0
WEST BENGAL,Puruliya,340,27806,15463,12343,195567,11936,183631,3347,252,3095,433,47,386,281,9,272,0,0,0
WEST BENGAL,South Twenty Four Parganas,343,179780,97411,82369,630059,99878,530181,14893,1973,12920,2556,470,2086,861,113,748,0,0,0
WEST BENGAL,Uttar Dinajpur,330,49056,28942,20114,181286,23621,157665,4181,564,3617,544,98,446,261,35,226,0,0,0
