AreaName,LastResidence,Persons_Total,Males_Total,Females_Total,Persons_LT1yr,Persons_1to4yr,Persons_5to9yr,Persons_10to19yr,Persons_20plusyr,Persons_DurNS
JAMMU & KASHMIR,Himachal Pradesh,8609,2688,5921,401,1391,815,1195,3340,1467
JAMMU & KASHMIR,Punjab,43938,12318,31620,2489,6535,4848,8011,17112,4943
JAMMU & KASHMIR,Chandigarh,611,249,362,61,196,90,81,95,88
JAMMU & KASHMIR,Uttarakhand,3180,1633,1547,428,1139,220,222,291,880
JAMMU & KASHMIR,Haryana,5987,2744,3243,791,1717,448,553,914,1564
JAMMU & KASHMIR,NCT of Delhi,5269,2316,2953,388,1629,669,752,1116,715
JAMMU & KASHMIR,Rajasthan,6079,3190,2889,1069,2097,338,407,417,1751
JAMMU & KASHMIR,Uttar Pradesh,20190,11520,8670,2879,6085,1991,2065,1765,5405
JAMMU & KASHMIR,Bihar,13200,6998,6202,1659,3670,1935,2277,1253,2406
JAMMU & KASHMIR,Sikkim,109,52,57,9,46,11,13,12,18
JAMMU & KASHMIR,Arunachal Pradesh,105,56,49,16,57,6,4,5,17
JAMMU & KASHMIR,Nagaland,97,42,55,14,40,4,4,6,29
JAMMU & KASHMIR,Manipur,227,114,113,41,52,14,5,5,110
JAMMU & KASHMIR,Mizoram,57,22,35,8,17,3,5,3,21
JAMMU & KASHMIR,Tripura,173,84,89,10,120,12,3,1,27
JAMMU & KASHMIR,Meghalaya,139,62,77,18,65,10,9,10,27
JAMMU & KASHMIR,Assam,1906,1095,811,179,922,74,100,105,526
JAMMU & KASHMIR,West Bengal,10164,2957,7207,1304,2147,1471,2150,1339,1753
JAMMU & KASHMIR,Jharkhand,2210,1197,1013,470,674,220,227,147,472
JAMMU & KASHMIR,Odisha,2233,1291,942,287,563,229,285,199,670
JAMMU & KASHMIR,Chhattisgarh,9949,5413,4536,2342,2695,1627,1740,607,938
JAMMU & KASHMIR,Madhya Pradesh,7599,4221,3378,1793,1988,888,918,540,1472
JAMMU & KASHMIR,Gujarat,1237,694,543,188,390,87,86,97,389
JAMMU & KASHMIR,Daman & Diu,6,3,3,0,2,2,0,1,1
JAMMU & KASHMIR,Dadra & Nagar Haveli,17,4,13,0,3,2,3,7,2
JAMMU & KASHMIR,Maharashtra,4722,2367,2355,690,1418,247,321,439,1607
JAMMU & KASHMIR,Andhra Pradesh,2085,1167,918,403,720,73,87,70,732
JAMMU & KASHMIR,Karnataka,1313,694,619,257,355,78,87,69,467
JAMMU & KASHMIR,Goa,116,71,45,33,31,13,6,3,30
JAMMU & KASHMIR,Lakshadweep,264,148,116,15,15,4,15,16,199
JAMMU & KASHMIR,Kerala,1485,867,618,173,475,54,62,65,656
JAMMU & KASHMIR,Tamil Nadu,1842,1201,641,245,442,35,55,79,986
JAMMU & KASHMIR,Puducherry,18,6,12,3,2,3,3,2,5
JAMMU & KASHMIR,Andaman & Nicobar Islands,51,25,26,5,17,5,8,2,14
HIMACHAL PRADESH,Jammu & Kashmir,15565,8407,7158,2002,3210,2445,3161,3759,988
HIMACHAL PRADESH,Punjab,130851,39246,91605,9401,21228,18981,29021,46256,5964
HIMACHAL PRADESH,Chandigarh,11136,5842,5294,2020,2537,1892,2226,1550,911
HIMACHAL PRADESH,Uttarakhand,22740,9092,13648,1827,5628,3660,4638,5608,1379
HIMACHAL PRADESH,Haryana,35750,12009,23741,2811,7009,5544,7320,11155,1911
HIMACHAL PRADESH,NCT of Delhi,18467,9973,8494,2815,4368,3112,3674,3426,1072
HIMACHAL PRADESH,Rajasthan,8652,4753,3899,1244,2433,1399,1606,1564,406
HIMACHAL PRADESH,Uttar Pradesh,66005,41162,24843,11043,20249,11573,11168,8476,3496
HIMACHAL PRADESH,Bihar,37600,26835,10765,6621,12814,7872,6189,1960,2144
HIMACHAL PRADESH,Sikkim,844,656,188,27,466,114,107,106,24
HIMACHAL PRADESH,Arunachal Pradesh,1052,597,455,69,576,167,103,65,72
HIMACHAL PRADESH,Nagaland,172,117,55,20,39,20,35,45,13
HIMACHAL PRADESH,Manipur,220,122,98,37,60,23,50,23,27
HIMACHAL PRADESH,Mizoram,77,34,43,11,31,11,5,12,7
HIMACHAL PRADESH,Tripura,131,76,55,9,19,36,29,27,11
HIMACHAL PRADESH,Meghalaya,197,117,80,22,55,33,47,32,8
HIMACHAL PRADESH,Assam,2134,1303,831,280,697,366,318,328,145
HIMACHAL PRADESH,West Bengal,5897,3573,2324,936,1944,901,957,736,423
HIMACHAL PRADESH,Jharkhand,10645,7138,3507,2513,3877,1779,1502,461,513
HIMACHAL PRADESH,Odisha,3295,2263,1032,392,1333,627,489,297,157
HIMACHAL PRADESH,Chhattisgarh,5008,2725,2283,1722,1579,691,514,209,293
HIMACHAL PRADESH,Madhya Pradesh,6509,4342,2167,1079,2074,1138,954,917,347
HIMACHAL PRADESH,Gujarat,1578,937,641,316,522,247,212,194,87
HIMACHAL PRADESH,Daman & Diu,31,15,16,2,14,9,2,4,0
HIMACHAL PRADESH,Dadra & Nagar Haveli,8,5,3,0,5,2,1,0,0
HIMACHAL PRADESH,Maharashtra,5752,3465,2287,803,1614,909,985,1093,348
HIMACHAL PRADESH,Andhra Pradesh,1933,1317,616,234,647,497,243,229,83
HIMACHAL PRADESH,Karnataka,1538,918,620,178,520,276,247,228,89
HIMACHAL PRADESH,Goa,111,75,36,31,34,12,13,9,12
HIMACHAL PRADESH,Lakshadweep,102,60,42,0,9,5,5,8,75
HIMACHAL PRADESH,Kerala,775,443,332,118,247,95,146,120,49
HIMACHAL PRADESH,Tamil Nadu,668,404,264,137,244,89,76,63,59
HIMACHAL PRADESH,Puducherry,14,7,7,0,3,2,3,6,0
HIMACHAL PRADESH,Andaman & Nicobar Islands,47,28,19,12,5,19,6,3,2
PUNJAB,Jammu & Kashmir,70299,22628,47671,4089,12868,7704,14243,21033,10362
PUNJAB,Himachal Pradesh,214213,77760,136453,7933,28736,26891,48573,78641,23439
PUNJAB,Chandigarh,149591,74636,74955,11208,33170,29014,28320,20848,27031
PUNJAB,Uttarakhand,55392,27187,28205,3666,10384,8381,12308,13719,6934
PUNJAB,Haryana,545584,154219,391365,19953,74112,73563,118421,201376,58159
PUNJAB,NCT of Delhi,45310,17865,27445,2902,7900,6780,9296,13321,5111
PUNJAB,Rajasthan,202166,67249,134917,13061,30316,27086,43313,69046,19344
PUNJAB,Uttar Pradesh,649557,357976,291581,69030,124605,107998,145965,129006,72953
PUNJAB,Bihar,352537,216001,136536,36835,74084,67456,87080,48358,38724
PUNJAB,Sikkim,330,175,155,43,124,27,47,39,50
PUNJAB,Arunachal Pradesh,405,203,202,51,153,40,54,46,61
PUNJAB,Nagaland,569,322,247,142,184,41,64,63,75
PUNJAB,Manipur,774,418,356,279,238,36,66,33,122
PUNJAB,Mizoram,311,199,112,190,49,9,15,18,30
PUNJAB,Tripura,385,202,183,76,160,23,31,24,71
PUNJAB,Meghalaya,507,237,270,59,181,74,69,45,79
PUNJAB,Assam,11925,5314,6611,1456,3213,1445,1983,2212,1616
PUNJAB,West Bengal,46958,21592,25366,4240,9292,6412,9724,11486,5804
PUNJAB,Jharkhand,19950,11532,8418,3222,4409,3137,4318,2714,2150
PUNJAB,Odisha,11717,6016,5701,1100,2787,1617,2274,2272,1667
PUNJAB,Chhattisgarh,8403,4288,4115,2495,1957,955,976,735,1285
PUNJAB,Madhya Pradesh,32869,15844,17025,3645,7478,4483,6164,6695,4404
PUNJAB,Gujarat,10436,5051,5385,1072,3243,1405,1456,1821,1439
PUNJAB,Daman & Diu,6,5,1,0,4,2,0,0,0
PUNJAB,Dadra & Nagar Haveli,17,6,11,1,2,3,7,3,1
PUNJAB,Maharashtra,32781,14996,17785,3313,7470,3664,5495,6900,5939
PUNJAB,Andhra Pradesh,7789,3815,3974,1281,2899,568,656,800,1585
PUNJAB,Karnataka,4470,2179,2291,695,1650,328,471,455,871
PUNJAB,Goa,435,243,192,63,141,48,66,65,52
PUNJAB,Lakshadweep,600,349,251,14,49,60,57,88,332
PUNJAB,Kerala,5910,2988,2922,598,1920,602,766,886,1138
PUNJAB,Tamil Nadu,5540,2916,2624,712,1820,451,517,749,1291
PUNJAB,Puducherry,310,123,187,11,34,27,68,78,92
PUNJAB,Andaman & Nicobar Islands,253,128,125,27,84,21,31,44,46
CHANDIGARH,Jammu & Kashmir,5997,3073,2924,560,1580,940,1194,1490,233
CHANDIGARH,Himachal Pradesh,60254,33481,26773,3199,12120,9167,13865,19743,2160
CHANDIGARH,Punjab,148481,68311,80170,5995,23658,18973,32548,61306,6001
CHANDIGARH,Uttarakhand,31164,17198,13966,1399,5613,5718,8599,8829,1006
CHANDIGARH,Haryana,93037,45032,48005,3771,14881,13945,22605,33809,4026
CHANDIGARH,NCT of Delhi,20889,9800,11089,1216,4365,3366,4749,6432,761
CHANDIGARH,Rajasthan,9446,4953,4493,652,2470,1429,1811,2669,415
CHANDIGARH,Uttar Pradesh,179574,104133,75441,8545,30386,33096,53328,47106,7113
CHANDIGARH,Bihar,50703,33568,17135,3235,10745,11545,15941,7348,1889
CHANDIGARH,Sikkim,70,43,27,9,28,10,14,6,3
CHANDIGARH,Arunachal Pradesh,99,56,43,4,34,14,27,13,7
CHANDIGARH,Nagaland,84,45,39,3,19,10,30,17,5
CHANDIGARH,Manipur,623,369,254,86,268,97,96,54,22
CHANDIGARH,Mizoram,47,28,19,7,25,9,4,2,0
CHANDIGARH,Tripura,73,37,36,8,28,6,13,16,2
CHANDIGARH,Meghalaya,183,88,95,15,58,31,43,26,10
CHANDIGARH,Assam,2166,971,1195,192,846,355,343,342,88
CHANDIGARH,West Bengal,6951,3734,3217,419,1772,1318,1797,1405,240
CHANDIGARH,Jharkhand,3023,1684,1339,321,801,599,798,392,112
CHANDIGARH,Odisha,1600,883,717,130,435,290,379,293,73
CHANDIGARH,Chhattisgarh,1123,581,542,251,373,145,146,128,80
CHANDIGARH,Madhya Pradesh,3730,1896,1834,428,1104,528,743,744,183
CHANDIGARH,Gujarat,2082,1002,1080,181,588,322,422,452,117
CHANDIGARH,Daman & Diu,10,7,3,2,4,4,0,0,0
CHANDIGARH,Dadra & Nagar Haveli,7,2,5,0,4,3,0,0,0
CHANDIGARH,Maharashtra,4999,2375,2624,475,1524,754,978,1059,209
CHANDIGARH,Andhra Pradesh,1528,765,763,169,608,196,223,233,99
CHANDIGARH,Karnataka,1514,757,757,163,649,245,208,187,62
CHANDIGARH,Goa,94,48,46,12,31,13,13,19,6
CHANDIGARH,Lakshadweep,19,10,9,0,3,2,3,3,8
CHANDIGARH,Kerala,1016,494,522,80,221,96,213,333,73
CHANDIGARH,Tamil Nadu,3223,1561,1662,195,640,297,642,1324,125
CHANDIGARH,Puducherry,32,20,12,6,14,3,3,4,2
CHANDIGARH,Andaman & Nicobar Islands,125,56,69,23,38,26,26,7,5
UTTARAKHAND,Jammu & Kashmir,9268,5431,3837,825,2062,1136,1274,1587,2384
UTTARAKHAND,Himachal Pradesh,24089,8888,15201,1497,3895,2984,4286,9248,2179
UTTARAKHAND,Punjab,45667,20640,25027,2448,6485,4832,7014,21437,3451
UTTARAKHAND,Chandigarh,2850,1303,1547,392,721,470,545,441,281
UTTARAKHAND,Haryana,33899,13768,20131,2566,7727,4828,5525,10660,2593
UTTARAKHAND,NCT of Delhi,52002,23250,28752,5363,14174,9443,9871,8955,4196
UTTARAKHAND,Rajasthan,18410,9414,8996,1654,4836,2680,3038,4602,1600
UTTARAKHAND,Uttar Pradesh,890663,369386,521277,64165,169054,141214,197735,255667,62828
UTTARAKHAND,Bihar,76116,47017,29099,10063,19698,13451,14707,12747,5450
UTTARAKHAND,Sikkim,612,330,282,82,192,98,77,96,67
UTTARAKHAND,Arunachal Pradesh,1232,713,519,121,498,277,197,79,60
UTTARAKHAND,Nagaland,729,384,345,57,214,103,169,114,72
UTTARAKHAND,Manipur,926,448,478,98,354,191,121,75,87
UTTARAKHAND,Mizoram,286,149,137,32,80,59,51,33,31
UTTARAKHAND,Tripura,501,259,242,89,116,98,94,76,28
UTTARAKHAND,Meghalaya,880,455,425,64,154,170,191,206,95
UTTARAKHAND,Assam,5731,3093,2638,635,1612,983,1027,912,562
UTTARAKHAND,West Bengal,26298,12332,13966,1975,4322,3059,5076,9875,1991
UTTARAKHAND,Jharkhand,10768,6731,4037,2460,3088,1333,1447,1703,737
UTTARAKHAND,Odisha,4224,2259,1965,389,1318,596,734,777,410
UTTARAKHAND,Chhattisgarh,3239,1563,1676,682,785,450,440,609,273
UTTARAKHAND,Madhya Pradesh,13268,6831,6437,1518,3836,1985,2204,2690,1035
UTTARAKHAND,Gujarat,5344,2874,2470,648,1767,806,991,734,398
UTTARAKHAND,Daman & Diu,45,36,9,11,21,9,2,2,0
UTTARAKHAND,Dadra & Nagar Haveli,66,38,28,3,28,16,3,5,11
UTTARAKHAND,Maharashtra,13114,6668,6446,1420,3760,1966,2276,2162,1530
UTTARAKHAND,Andhra Pradesh,3565,2078,1487,549,1298,382,532,426,378
UTTARAKHAND,Karnataka,2330,1237,1093,302,769,262,353,336,308
UTTARAKHAND,Goa,236,116,120,32,86,30,49,26,13
UTTARAKHAND,Lakshadweep,328,203,125,2,16,9,14,19,268
UTTARAKHAND,Kerala,1962,980,982,249,675,214,256,286,282
UTTARAKHAND,Tamil Nadu,1748,983,765,245,615,213,187,225,263
UTTARAKHAND,Puducherry,69,37,32,7,28,14,6,10,4
UTTARAKHAND,Andaman & Nicobar Islands,110,59,51,10,35,20,15,20,10
HARYANA,Jammu & Kashmir,17700,8771,8929,1194,4036,2621,2992,2980,3877
HARYANA,Himachal Pradesh,60586,21663,38923,2796,11271,9615,13660,18576,4668
HARYANA,Punjab,538328,161792,376536,18360,66819,66005,118816,231154,37174
HARYANA,Chandigarh,71890,34252,37638,3721,13368,12611,19912,15934,6344
HARYANA,Uttarakhand,77179,34402,42777,3802,14516,13324,18317,20557,6663
HARYANA,NCT of Delhi,468298,159307,308991,23855,101726,99823,104783,103045,35066
HARYANA,Rajasthan,611160,126647,484513,32640,84524,84319,139724,236554,33399
HARYANA,Uttar Pradesh,1113535,486470,627065,99909,205910,183095,256549,277074,90998
HARYANA,Bihar,390937,226277,164660,72394,90243,72266,80029,39532,36473
HARYANA,Sikkim,325,168,157,36,113,41,58,54,23
HARYANA,Arunachal Pradesh,387,218,169,71,120,62,78,30,26
HARYANA,Nagaland,487,235,252,59,153,72,65,62,76
HARYANA,Manipur,601,300,301,94,242,121,68,33,43
HARYANA,Mizoram,115,48,67,20,48,24,12,7,4
HARYANA,Tripura,1204,235,969,95,415,337,227,80,50
HARYANA,Meghalaya,481,241,240,49,156,106,86,48,36
HARYANA,Assam,14088,5271,8817,1867,4791,2283,2385,1794,968
HARYANA,West Bengal,75893,36375,39518,12954,23493,14163,11939,8133,5211
HARYANA,Jharkhand,20853,10867,9986,3032,6268,4249,3954,1858,1492
HARYANA,Odisha,16280,8348,7932,1434,5291,3402,3127,1836,1190
HARYANA,Chhattisgarh,11813,5852,5961,4994,2487,1116,1101,784,1331
HARYANA,Madhya Pradesh,56240,28229,28011,10493,17238,9276,8124,6121,4988
HARYANA,Gujarat,11250,5330,5920,1424,3724,1997,1773,1504,828
HARYANA,Daman & Diu,32,20,12,5,12,11,1,0,3
HARYANA,Dadra & Nagar Haveli,20,8,12,1,4,3,3,2,7
HARYANA,Maharashtra,30907,13806,17101,3442,11158,5193,4973,3803,2338
HARYANA,Andhra Pradesh,10386,4504,5882,1479,4099,1378,1286,1308,836
HARYANA,Karnataka,8084,3937,4147,1374,3583,1269,729,526,603
HARYANA,Goa,571,283,288,84,214,108,81,44,40
HARYANA,Lakshadweep,230,130,100,5,15,16,9,11,174
HARYANA,Kerala,8302,3889,4413,740,1927,1297,1633,1919,786
HARYANA,Tamil Nadu,7724,3841,3883,966,2843,1181,981,1156,597
HARYANA,Puducherry,233,85,148,24,51,29,32,58,39
HARYANA,Andaman & Nicobar Islands,199,89,110,12,92,35,31,18,11
NCT OF DELHI,Jammu & Kashmir,40146,20309,19837,2348,7958,5572,8753,13650,1865
NCT OF DELHI,Himachal Pradesh,79272,41257,38015,2175,10087,10577,18394,34285,3754
NCT OF DELHI,Punjab,247966,116406,131560,5119,21948,22368,42087,145273,11171
NCT OF DELHI,Chandigarh,8328,3624,4704,435,1811,1496,1732,2389,465
NCT OF DELHI,Uttarakhand,294704,154496,140208,8890,41110,47456,78273,106728,12247
NCT OF DELHI,Haryana,666331,270637,395694,17537,79497,90167,157545,292580,29005
NCT OF DELHI,Rajasthan,315238,160065,155173,9798,43129,44816,75923,127320,14252
NCT OF DELHI,Uttar Pradesh,2854297,1516023,1338274,99680,409836,459044,793492,975285,116960
NCT OF DELHI,Bihar,1106629,663236,443393,54234,222477,245034,350051,193556,41277
NCT OF DELHI,Sikkim,995,508,487,92,289,203,180,182,49
NCT OF DELHI,Arunachal Pradesh,1404,753,651,149,510,287,235,174,49
NCT OF DELHI,Nagaland,1921,1027,894,203,674,383,344,221,96
NCT OF DELHI,Manipur,6164,3110,3054,500,2349,1366,1179,492,278
NCT OF DELHI,Mizoram,678,304,374,50,274,161,96,60,37
NCT OF DELHI,Tripura,1490,824,666,93,443,357,311,240,46
NCT OF DELHI,Meghalaya,2569,1270,1299,162,699,543,549,507,109
NCT OF DELHI,Assam,26233,13433,12800,1819,7735,5229,5782,4527,1141
NCT OF DELHI,West Bengal,182356,93548,88808,9707,35773,35136,48806,45782,7152
NCT OF DELHI,Jharkhand,69196,37176,32020,4064,17463,16287,18901,9718,2763
NCT OF DELHI,Odisha,41162,22728,18434,2173,10333,9335,10659,6754,1908
NCT OF DELHI,Chhattisgarh,12634,6144,6490,893,2927,2231,2910,3071,602
NCT OF DELHI,Madhya Pradesh,134867,67995,66872,7864,25573,23618,33409,38390,6013
NCT OF DELHI,Gujarat,24153,11200,12953,1171,4882,3860,4929,8097,1214
NCT OF DELHI,Daman & Diu,38,18,20,1,20,8,6,2,1
NCT OF DELHI,Dadra & Nagar Haveli,91,44,47,3,25,19,23,12,9
NCT OF DELHI,Maharashtra,63692,29201,34491,3919,14356,9829,13110,18956,3522
NCT OF DELHI,Andhra Pradesh,23436,11407,12029,1667,6132,3843,4765,5674,1355
NCT OF DELHI,Karnataka,15386,7560,7826,1187,4611,2433,2812,3534,809
NCT OF DELHI,Goa,1193,569,624,76,321,190,245,308,53
NCT OF DELHI,Lakshadweep,123,65,58,17,36,29,20,14,7
NCT OF DELHI,Kerala,60297,29551,30746,2407,10198,9098,16146,19409,3039
NCT OF DELHI,Tamil Nadu,45862,22927,22935,2043,7564,5793,10336,18029,2097
NCT OF DELHI,Puducherry,537,242,295,36,115,95,109,151,31
NCT OF DELHI,Andaman & Nicobar Islands,677,335,342,59,235,115,144,99,25
RAJASTHAN,Jammu & Kashmir,19100,11012,8088,1523,4351,897,1061,1384,9884
RAJASTHAN,Himachal Pradesh,11325,5938,5387,902,2394,760,1212,2136,3921
RAJASTHAN,Punjab,213308,75933,137375,9792,25672,21716,43811,100794,11523
RAJASTHAN,Chandigarh,1961,870,1091,232,658,283,307,349,132
RAJASTHAN,Uttarakhand,23233,10771,12462,1870,5135,2945,4619,6929,1735
RAJASTHAN,Haryana,533963,87958,446005,22049,79323,73757,122957,215039,20838
RAJASTHAN,NCT of Delhi,83134,29316,53818,7876,17964,13151,17502,21159,5482
RAJASTHAN,Uttar Pradesh,585982,185582,400400,56665,101975,81638,123652,190415,31637
RAJASTHAN,Bihar,134402,75805,58597,14721,34728,24806,31364,20012,8771
RAJASTHAN,Sikkim,327,181,146,43,135,32,54,40,23
RAJASTHAN,Arunachal Pradesh,369,195,174,64,151,43,55,28,28
RAJASTHAN,Nagaland,789,360,429,86,246,92,164,129,72
RAJASTHAN,Manipur,753,350,403,92,273,105,135,83,65
RAJASTHAN,Mizoram,363,275,88,43,260,29,9,9,13
RAJASTHAN,Tripura,717,276,441,67,397,76,87,51,39
RAJASTHAN,Meghalaya,1226,839,387,84,776,97,130,86,53
RAJASTHAN,Assam,12936,5316,7620,1644,3522,1715,2613,2494,948
RAJASTHAN,West Bengal,67695,33216,34479,5906,16149,12443,16151,11946,5100
RAJASTHAN,Jharkhand,13183,6519,6664,2279,3916,2107,2550,1461,870
RAJASTHAN,Odisha,12991,6296,6695,1358,3415,2114,2813,2380,911
RAJASTHAN,Chhattisgarh,7266,3267,3999,2628,1721,764,827,852,474
RAJASTHAN,Madhya Pradesh,554058,126208,427850,33603,91766,83117,125131,193731,26710
RAJASTHAN,Gujarat,200767,52496,148271,19787,31274,27664,43073,65435,13534
RAJASTHAN,Daman & Diu,72,52,20,34,15,9,6,3,5
RAJASTHAN,Dadra & Nagar Haveli,127,55,72,26,24,21,16,25,15
RAJASTHAN,Maharashtra,73366,32350,41016,13910,15652,10038,13554,14274,5938
RAJASTHAN,Andhra Pradesh,12193,5545,6648,2691,3701,1359,1558,1756,1128
RAJASTHAN,Karnataka,11697,5229,6468,2713,3110,1594,1811,1467,1002
RAJASTHAN,Goa,555,309,246,162,135,63,84,60,51
RAJASTHAN,Lakshadweep,961,572,389,13,37,18,30,42,821
RAJASTHAN,Kerala,16128,7217,8911,851,2500,1676,3431,6220,1450
RAJASTHAN,Tamil Nadu,9042,4524,4518,2141,2465,893,1170,1389,984
RAJASTHAN,Puducherry,114,37,77,10,30,7,16,40,11
RAJASTHAN,Andaman & Nicobar Islands,195,86,109,28,83,28,17,17,22
UTTAR PRADESH,Jammu & Kashmir,33008,18048,14960,1837,6024,3362,3600,2967,15218
UTTAR PRADESH,Himachal Pradesh,21072,9690,11382,1293,3651,2427,3420,4249,6032
UTTAR PRADESH,Punjab,142235,61432,80803,6631,18475,14242,21893,65074,15920
UTTAR PRADESH,Chandigarh,6028,2191,3837,578,1736,951,972,918,873
UTTAR PRADESH,Uttarakhand,393540,97329,296211,14462,61131,60377,97941,121163,38466
UTTAR PRADESH,Haryana,230740,46188,184552,10465,37492,31908,46746,80870,23259
UTTAR PRADESH,NCT of Delhi,566210,228629,337581,33610,128546,115440,128488,80548,79578
UTTAR PRADESH,Rajasthan,284056,50896,233160,11276,40088,34484,59718,99098,39392
UTTAR PRADESH,Bihar,1072739,293268,779471,66017,152951,151172,249210,327476,125913
UTTAR PRADESH,Sikkim,476,207,269,48,119,118,82,54,55
UTTAR PRADESH,Arunachal Pradesh,931,421,510,100,255,173,146,120,137
UTTAR PRADESH,Nagaland,868,368,500,98,268,110,134,129,129
UTTAR PRADESH,Manipur,1260,825,435,191,491,129,93,75,281
UTTAR PRADESH,Mizoram,281,106,175,45,63,26,54,55,38
UTTAR PRADESH,Tripura,698,329,369,31,159,112,172,121,103
UTTAR PRADESH,Meghalaya,1125,516,609,113,334,201,163,160,154
UTTAR PRADESH,Assam,30157,11041,19116,2502,7816,4788,5742,5588,3721
UTTAR PRADESH,West Bengal,234042,55777,178265,11421,31386,29727,55596,81412,24500
UTTAR PRADESH,Jharkhand,110358,36993,73365,15453,19583,15232,23156,24801,12133
UTTAR PRADESH,Odisha,35269,10969,24300,4479,7472,5989,8032,5283,4014
UTTAR PRADESH,Chhattisgarh,56676,20992,35684,19978,7543,5166,7586,9023,7380
UTTAR PRADESH,Madhya Pradesh,668537,81678,586859,23186,88183,89066,156825,248894,62383
UTTAR PRADESH,Gujarat,25459,9295,16164,2578,5636,3921,4608,4763,3953
UTTAR PRADESH,Daman & Diu,34,16,18,11,5,6,6,1,5
UTTAR PRADESH,Dadra & Nagar Haveli,375,121,254,13,67,42,59,97,97
UTTAR PRADESH,Maharashtra,88310,27856,60454,7865,17872,12890,17727,18334,13622
UTTAR PRADESH,Andhra Pradesh,16060,6871,9189,1722,4816,2154,2180,2407,2781
UTTAR PRADESH,Karnataka,10455,4502,5953,1349,3463,1407,1414,1322,1500
UTTAR PRADESH,Goa,929,382,547,81,237,139,177,140,155
UTTAR PRADESH,Lakshadweep,2812,1533,1279,48,164,139,212,300,1949
UTTAR PRADESH,Kerala,17106,7392,9714,1054,4035,2445,3468,3322,2782
UTTAR PRADESH,Tamil Nadu,9458,4498,4960,959,2965,1395,1439,1253,1447
UTTAR PRADESH,Puducherry,206,91,115,8,55,29,32,62,20
UTTAR PRADESH,Andaman & Nicobar Islands,423,181,242,29,138,54,63,75,64
BIHAR,Jammu & Kashmir,15594,8763,6831,470,661,652,924,1234,11653
BIHAR,Himachal Pradesh,8883,4756,4127,275,489,401,648,850,6220
BIHAR,Punjab,7994,4329,3665,2503,1488,1040,1025,764,1174
BIHAR,Chandigarh,404,199,205,99,61,48,73,25,98
BIHAR,Uttarakhand,1144,425,719,185,269,170,199,182,139
BIHAR,Haryana,3902,2227,1675,1293,717,394,447,519,532
BIHAR,NCT of Delhi,23412,11463,11949,7249,4852,3463,3036,1364,3448
BIHAR,Rajasthan,8358,3588,4770,797,991,797,1168,3593,1012
BIHAR,Uttar Pradesh,319887,31613,288274,8447,35690,39640,72478,142338,21294
BIHAR,Sikkim,368,108,260,65,85,57,83,41,37
BIHAR,Arunachal Pradesh,395,161,234,54,92,85,84,49,31
BIHAR,Nagaland,797,243,554,77,121,126,185,183,105
BIHAR,Manipur,326,114,212,48,77,65,55,44,37
BIHAR,Mizoram,45,21,24,6,14,7,7,2,9
BIHAR,Tripura,185,79,106,14,35,30,36,47,23
BIHAR,Meghalaya,370,156,214,51,61,68,68,68,54
BIHAR,Assam,15221,2922,12299,1433,2005,2016,3674,4857,1236
BIHAR,West Bengal,227809,31534,196275,10090,27042,30929,55302,87462,16984
BIHAR,Jharkhand,433696,45818,387878,12899,54957,61252,109676,153505,41407
BIHAR,Odisha,6014,1445,4569,535,1206,980,1217,1403,673
BIHAR,Chhattisgarh,2655,593,2062,283,543,437,544,565,283
BIHAR,Madhya Pradesh,6067,1434,4633,597,1028,919,1299,1476,748
BIHAR,Gujarat,4149,2262,1887,1303,802,501,534,414,595
BIHAR,Daman & Diu,23,15,8,4,2,3,1,1,12
BIHAR,Dadra & Nagar Haveli,654,83,571,26,76,84,147,253,68
BIHAR,Maharashtra,13544,5723,7821,3407,2476,2040,2122,1742,1757
BIHAR,Andhra Pradesh,1760,716,1044,356,459,258,266,178,243
BIHAR,Karnataka,1923,805,1118,468,457,286,266,203,243
BIHAR,Goa,213,78,135,40,48,25,40,29,31
BIHAR,Lakshadweep,3249,1418,1831,47,188,230,352,552,1880
BIHAR,Kerala,1432,527,905,122,309,213,313,296,179
BIHAR,Tamil Nadu,1293,640,653,341,292,179,230,100,151
BIHAR,Puducherry,150,47,103,14,23,22,18,44,29
BIHAR,Andaman & Nicobar Islands,38,23,15,6,10,6,5,5,6
SIKKIM,Jammu & Kashmir,974,775,199,493,175,29,123,35,119
SIKKIM,Himachal Pradesh,431,265,166,91,208,20,60,20,32
SIKKIM,Punjab,319,251,68,89,135,12,16,23,44
SIKKIM,Chandigarh,36,21,15,10,19,0,1,4,2
SIKKIM,Uttarakhand,359,227,132,81,150,23,21,47,37
SIKKIM,Haryana,661,377,284,54,122,56,72,319,38
SIKKIM,NCT of Delhi,481,286,195,96,163,82,59,48,33
SIKKIM,Rajasthan,675,383,292,66,148,66,116,224,55
SIKKIM,Uttar Pradesh,2280,1308,972,327,608,237,351,582,175
SIKKIM,Bihar,13282,8027,5255,946,2738,2163,3073,3621,741
SIKKIM,Arunachal Pradesh,515,305,210,52,307,69,51,19,17
SIKKIM,Nagaland,225,97,128,24,73,35,53,29,11
SIKKIM,Manipur,732,354,378,91,239,127,146,94,35
SIKKIM,Mizoram,53,25,28,9,25,6,5,7,1
SIKKIM,Tripura,92,52,40,24,38,14,4,5,7
SIKKIM,Meghalaya,356,175,181,59,90,42,80,61,24
SIKKIM,Assam,2621,1485,1136,530,804,356,429,364,138
SIKKIM,West Bengal,33158,14500,18658,3733,7885,5072,6310,8416,1742
SIKKIM,Jharkhand,1267,1083,184,530,519,65,38,62,53
SIKKIM,Odisha,602,431,171,121,271,96,51,33,30
SIKKIM,Chhattisgarh,53,29,24,14,28,3,1,2,5
SIKKIM,Madhya Pradesh,459,350,109,176,186,32,24,12,29
SIKKIM,Gujarat,110,68,42,19,64,6,3,2,16
SIKKIM,Daman & Diu,27,22,5,1,24,1,0,1,0
SIKKIM,Dadra & Nagar Haveli,4,2,2,0,3,0,0,0,1
SIKKIM,Maharashtra,277,162,115,65,117,26,15,15,39
SIKKIM,Andhra Pradesh,423,316,107,125,198,21,22,11,46
SIKKIM,Karnataka,191,125,66,43,96,19,9,9,15
SIKKIM,Goa,29,17,12,6,22,1,0,0,0
SIKKIM,Lakshadweep,2,2,0,0,0,0,0,0,2
SIKKIM,Kerala,227,130,97,27,90,17,23,50,20
SIKKIM,Tamil Nadu,156,114,42,52,43,17,14,7,23
SIKKIM,Puducherry,2,1,1,0,0,0,0,2,0
SIKKIM,Andaman & Nicobar Islands,84,67,17,48,11,20,3,1,1
ARUNACHAL PRADESH,Jammu & Kashmir,369,231,138,57,146,25,26,14,101
ARUNACHAL PRADESH,Himachal Pradesh,305,191,114,68,90,17,22,30,78
ARUNACHAL PRADESH,Punjab,395,217,178,53,159,24,25,43,91
ARUNACHAL PRADESH,Chandigarh,11,5,6,1,4,2,1,0,3
ARUNACHAL PRADESH,Uttarakhand,450,252,198,56,162,28,37,44,123
ARUNACHAL PRADESH,Haryana,527,318,209,37,146,63,97,115,69
ARUNACHAL PRADESH,NCT of Delhi,311,175,136,39,159,50,29,16,18
ARUNACHAL PRADESH,Rajasthan,1498,1014,484,99,412,236,347,244,160
ARUNACHAL PRADESH,Uttar Pradesh,6054,3605,2449,614,1212,948,1413,1275,592
ARUNACHAL PRADESH,Bihar,18811,11703,7108,842,3430,3499,5323,4518,1199
ARUNACHAL PRADESH,Sikkim,234,139,95,17,42,28,42,94,11
ARUNACHAL PRADESH,Nagaland,1218,659,559,86,433,268,243,146,42
ARUNACHAL PRADESH,Manipur,1465,778,687,155,503,242,270,192,103
ARUNACHAL PRADESH,Mizoram,298,155,143,31,133,61,25,32,16
ARUNACHAL PRADESH,Tripura,855,503,352,50,182,128,201,250,44
ARUNACHAL PRADESH,Meghalaya,1143,595,548,69,244,163,207,402,58
ARUNACHAL PRADESH,Assam,88963,47424,41539,8516,19030,14953,21115,20513,4836
ARUNACHAL PRADESH,West Bengal,6966,4210,2756,764,1293,1040,1799,1641,429
ARUNACHAL PRADESH,Jharkhand,1308,899,409,257,240,138,222,323,128
ARUNACHAL PRADESH,Odisha,1613,1018,595,123,386,265,328,303,208
ARUNACHAL PRADESH,Chhattisgarh,138,73,65,18,32,8,17,49,14
ARUNACHAL PRADESH,Madhya Pradesh,252,127,125,29,104,16,23,32,48
ARUNACHAL PRADESH,Gujarat,94,45,49,11,58,5,3,3,14
ARUNACHAL PRADESH,Dadra & Nagar Haveli,1,0,1,0,1,0,0,0,0
ARUNACHAL PRADESH,Maharashtra,421,229,192,62,200,29,24,11,95
ARUNACHAL PRADESH,Andhra Pradesh,383,213,170,43,105,27,68,71,69
ARUNACHAL PRADESH,Karnataka,191,123,68,46,70,24,21,2,28
ARUNACHAL PRADESH,Goa,22,15,7,5,14,1,2,0,0
ARUNACHAL PRADESH,Lakshadweep,4,2,2,0,1,0,1,1,1
ARUNACHAL PRADESH,Kerala,1397,775,622,63,294,217,327,349,147
ARUNACHAL PRADESH,Tamil Nadu,305,207,98,35,126,35,42,19,48
ARUNACHAL PRADESH,Puducherry,6,3,3,1,2,0,1,0,2
ARUNACHAL PRADESH,Andaman & Nicobar Islands,2,1,1,0,1,0,0,0,1
NAGALAND,Jammu & Kashmir,375,164,211,79,140,10,15,20,111
NAGALAND,Himachal Pradesh,309,110,199,95,142,10,13,19,30
NAGALAND,Punjab,470,224,246,96,217,12,13,33,99
NAGALAND,Chandigarh,42,23,19,4,27,0,4,6,1
NAGALAND,Uttarakhand,751,295,456,206,396,45,16,22,66
NAGALAND,Haryana,442,208,234,86,196,44,29,52,35
NAGALAND,NCT of Delhi,10,9,1,3,3,2,1,1,0
NAGALAND,Rajasthan,2480,1578,902,153,447,373,511,860,136
NAGALAND,Uttar Pradesh,4076,2322,1754,481,1018,526,800,1041,210
NAGALAND,Bihar,17539,11954,5585,1219,3603,3302,4750,4050,615
NAGALAND,Sikkim,145,63,82,10,46,32,19,27,11
NAGALAND,Arunachal Pradesh,900,481,419,138,386,135,124,68,49
NAGALAND,Manipur,14093,6691,7402,1310,3531,2321,2705,3514,712
NAGALAND,Mizoram,386,162,224,76,144,63,35,50,18
NAGALAND,Tripura,2923,1761,1162,164,404,429,741,1072,113
NAGALAND,Meghalaya,1792,947,845,178,522,264,241,421,166
NAGALAND,Assam,51397,29151,22246,4827,10964,9337,12002,12290,1977
NAGALAND,West Bengal,3746,2098,1648,345,734,480,733,1316,138
NAGALAND,Jharkhand,1283,841,442,126,329,224,268,267,69
NAGALAND,Odisha,1236,691,545,115,222,180,291,374,54
NAGALAND,Chhattisgarh,138,62,76,32,24,11,11,51,9
NAGALAND,Madhya Pradesh,294,141,153,80,126,12,18,31,27
NAGALAND,Gujarat,103,49,54,31,45,8,7,6,6
NAGALAND,Dadra & Nagar Haveli,11,2,9,1,1,4,0,2,3
NAGALAND,Maharashtra,498,235,263,123,232,46,45,27,25
NAGALAND,Andhra Pradesh,407,196,211,100,124,47,57,62,17
NAGALAND,Karnataka,540,299,241,147,209,63,41,32,48
NAGALAND,Goa,21,14,7,3,15,1,0,0,2
NAGALAND,Lakshadweep,6,5,1,0,0,0,0,0,6
NAGALAND,Kerala,1165,665,500,121,325,148,226,303,42
NAGALAND,Tamil Nadu,412,223,189,73,112,54,77,68,28
NAGALAND,Puducherry,15,10,5,4,5,2,4,0,0
NAGALAND,Andaman & Nicobar Islands,15,4,11,6,5,0,1,0,3
MANIPUR,Jammu & Kashmir,218,126,92,8,24,15,13,13,145
MANIPUR,Himachal Pradesh,136,61,75,10,18,10,10,18,70
MANIPUR,Punjab,102,47,55,12,11,12,16,41,10
MANIPUR,Chandigarh,11,5,6,5,3,1,1,0,1
MANIPUR,Uttarakhand,81,49,32,7,25,4,7,6,32
MANIPUR,Haryana,110,68,42,14,15,11,21,29,20
MANIPUR,NCT of Delhi,652,354,298,176,168,100,49,88,71
MANIPUR,Rajasthan,706,388,318,16,71,80,136,347,56
MANIPUR,Uttar Pradesh,853,535,318,33,126,127,216,255,96
MANIPUR,Bihar,2983,1864,1119,77,461,453,770,855,367
MANIPUR,Sikkim,288,154,134,8,8,15,26,221,10
MANIPUR,Arunachal Pradesh,114,46,68,14,33,27,25,5,10
MANIPUR,Nagaland,1589,621,968,138,290,310,429,268,154
MANIPUR,Mizoram,1041,440,601,70,188,125,138,407,113
MANIPUR,Tripura,766,327,439,15,54,58,129,445,65
MANIPUR,Meghalaya,770,371,399,172,172,113,111,129,73
MANIPUR,Assam,7720,2746,4974,329,1142,1127,1573,2932,617
MANIPUR,West Bengal,638,339,299,41,79,60,100,247,111
MANIPUR,Jharkhand,93,47,46,12,20,12,15,18,16
MANIPUR,Odisha,87,60,27,8,8,9,17,19,26
MANIPUR,Chhattisgarh,10,5,5,1,0,0,3,5,1
MANIPUR,Madhya Pradesh,139,67,72,4,20,12,39,29,35
MANIPUR,Gujarat,40,25,15,7,8,4,1,7,13
MANIPUR,Dadra & Nagar Haveli,1,1,0,0,0,1,0,0,0
MANIPUR,Maharashtra,286,130,156,47,76,37,32,36,58
MANIPUR,Andhra Pradesh,71,39,32,19,12,9,6,11,14
MANIPUR,Karnataka,182,95,87,62,54,15,11,15,25
MANIPUR,Goa,14,7,7,5,5,3,1,0,0
MANIPUR,Lakshadweep,45,27,18,1,1,3,1,8,31
MANIPUR,Kerala,118,66,52,13,12,10,39,34,10
MANIPUR,Tamil Nadu,203,107,96,39,44,19,25,63,13
MANIPUR,Andaman & Nicobar Islands,33,15,18,0,8,8,4,6,7
MIZORAM,Jammu & Kashmir,113,53,60,3,13,11,4,8,74
MIZORAM,Himachal Pradesh,34,13,21,5,11,1,4,5,8
MIZORAM,Punjab,106,51,55,10,28,10,9,26,23
MIZORAM,Chandigarh,8,6,2,3,1,0,1,3,0
MIZORAM,Uttarakhand,142,63,79,13,78,5,6,18,22
MIZORAM,Haryana,83,43,40,11,49,1,5,2,15
MIZORAM,NCT of Delhi,188,105,83,33,59,34,15,22,25
MIZORAM,Rajasthan,104,75,29,9,59,4,13,10,9
MIZORAM,Uttar Pradesh,477,255,222,46,199,56,44,88,44
MIZORAM,Bihar,1404,1041,363,56,308,257,375,341,67
MIZORAM,Sikkim,43,21,22,7,10,2,5,16,3
MIZORAM,Arunachal Pradesh,195,91,104,28,55,8,45,46,13
MIZORAM,Nagaland,541,245,296,30,146,75,124,117,49
MIZORAM,Manipur,12241,6333,5908,402,2059,2661,4818,1754,547
MIZORAM,Tripura,5606,2909,2697,1735,1577,611,687,833,163
MIZORAM,Meghalaya,2378,1166,1212,81,360,340,479,1015,103
MIZORAM,Assam,15056,9804,5252,993,3691,3409,3656,2557,750
MIZORAM,West Bengal,646,407,239,56,148,94,134,186,28
MIZORAM,Jharkhand,1149,995,154,108,251,166,294,287,43
MIZORAM,Odisha,65,34,31,6,29,5,10,9,6
MIZORAM,Chhattisgarh,16,7,9,2,9,1,0,2,2
MIZORAM,Madhya Pradesh,73,45,28,14,26,9,3,13,8
MIZORAM,Gujarat,13,9,4,0,6,0,2,2,3
MIZORAM,Maharashtra,125,59,66,17,57,7,25,10,9
MIZORAM,Andhra Pradesh,92,42,50,18,35,13,4,9,13
MIZORAM,Karnataka,90,47,43,19,29,12,14,10,6
MIZORAM,Goa,7,3,4,0,0,0,1,0,6
MIZORAM,Lakshadweep,4,3,1,0,0,1,0,1,2
MIZORAM,Kerala,269,148,121,16,66,24,67,80,16
MIZORAM,Tamil Nadu,107,61,46,11,43,13,15,20,5
MIZORAM,Puducherry,3,2,1,0,1,2,0,0,0
MIZORAM,Andaman & Nicobar Islands,2,2,0,0,2,0,0,0,0
TRIPURA,Jammu & Kashmir,328,193,135,41,50,21,28,35,153
TRIPURA,Himachal Pradesh,88,52,36,7,27,3,11,9,31
TRIPURA,Punjab,108,52,56,14,25,25,20,17,7
TRIPURA,Chandigarh,14,10,4,0,6,1,4,2,1
TRIPURA,Uttarakhand,141,69,72,24,51,28,14,12,12
TRIPURA,Haryana,116,71,45,28,40,11,9,15,13
TRIPURA,NCT of Delhi,250,129,121,69,71,37,30,31,12
TRIPURA,Rajasthan,495,266,229,21,79,68,104,171,52
TRIPURA,Uttar Pradesh,1518,1007,511,626,271,93,138,269,121
TRIPURA,Bihar,12063,7165,4898,8104,749,513,733,1141,823
TRIPURA,Sikkim,18,5,13,1,6,2,3,3,3
TRIPURA,Arunachal Pradesh,337,147,190,22,75,91,71,62,16
TRIPURA,Nagaland,751,324,427,53,163,142,186,160,47
TRIPURA,Manipur,613,255,358,60,176,107,103,118,49
TRIPURA,Mizoram,18411,9244,9167,192,1244,408,15643,313,611
TRIPURA,Meghalaya,1309,519,790,99,193,178,286,463,90
TRIPURA,Assam,29423,9704,19719,2410,4703,3961,6499,10609,1241
TRIPURA,West Bengal,5349,2527,2822,473,909,635,898,2101,333
TRIPURA,Jharkhand,14203,8044,6159,12245,619,96,76,196,971
TRIPURA,Odisha,303,162,141,43,82,29,31,94,24
TRIPURA,Chhattisgarh,52,23,29,15,20,7,3,6,1
TRIPURA,Madhya Pradesh,161,79,82,35,50,14,15,33,14
TRIPURA,Gujarat,150,103,47,50,57,13,6,13,11
TRIPURA,Dadra & Nagar Haveli,10,3,7,1,1,2,3,2,1
TRIPURA,Maharashtra,260,147,113,43,113,25,22,31,26
TRIPURA,Andhra Pradesh,167,83,84,27,84,19,10,16,11
TRIPURA,Karnataka,131,64,67,35,49,21,7,13,6
TRIPURA,Goa,7,4,3,1,4,0,1,1,0
TRIPURA,Lakshadweep,16,10,6,6,3,0,1,1,5
TRIPURA,Kerala,156,79,77,20,55,26,23,20,12
TRIPURA,Tamil Nadu,407,166,241,44,110,47,68,87,51
TRIPURA,Puducherry,16,10,6,6,8,1,0,1,0
TRIPURA,Andaman & Nicobar Islands,7,4,3,0,0,0,6,1,0
MEGHALAYA,Jammu & Kashmir,601,272,329,117,214,36,19,44,171
MEGHALAYA,Himachal Pradesh,294,159,135,31,111,26,26,31,69
MEGHALAYA,Punjab,986,445,541,103,268,63,113,357,82
MEGHALAYA,Chandigarh,49,24,25,11,27,2,1,5,3
MEGHALAYA,Uttarakhand,1191,528,663,240,421,78,102,93,257
MEGHALAYA,Haryana,494,209,285,78,204,26,31,70,85
MEGHALAYA,NCT of Delhi,2,1,1,0,0,0,1,1,0
MEGHALAYA,Rajasthan,1901,1107,794,118,429,190,320,684,160
MEGHALAYA,Uttar Pradesh,3098,1507,1591,327,1085,318,412,629,327
MEGHALAYA,Bihar,14112,8544,5568,515,2231,2042,3425,4891,1008
MEGHALAYA,Sikkim,145,81,64,14,34,21,20,33,23
MEGHALAYA,Arunachal Pradesh,1024,613,411,241,368,143,121,85,66
MEGHALAYA,Nagaland,1752,896,856,144,641,326,317,181,143
MEGHALAYA,Manipur,6336,3103,3233,583,2358,1061,1210,562,562
MEGHALAYA,Mizoram,2127,950,1177,184,689,319,294,445,196
MEGHALAYA,Tripura,2868,1650,1218,142,498,382,712,921,213
MEGHALAYA,Assam,61022,27748,33274,2497,10781,10164,14901,18862,3817
MEGHALAYA,West Bengal,5492,2581,2911,295,1012,615,1119,2036,415
MEGHALAYA,Jharkhand,544,285,259,63,179,85,71,118,28
MEGHALAYA,Odisha,525,272,253,71,196,72,57,74,55
MEGHALAYA,Chhattisgarh,62,29,33,18,22,8,2,9,3
MEGHALAYA,Madhya Pradesh,405,181,224,87,206,41,23,25,23
MEGHALAYA,Gujarat,216,100,116,38,108,18,18,9,25
MEGHALAYA,Dadra & Nagar Haveli,16,9,7,0,2,1,1,0,12
MEGHALAYA,Maharashtra,635,258,377,125,338,39,41,53,39
MEGHALAYA,Andhra Pradesh,384,169,215,77,202,38,22,18,27
MEGHALAYA,Karnataka,450,202,248,87,252,36,26,17,32
MEGHALAYA,Goa,19,10,9,2,13,0,1,3,0
MEGHALAYA,Lakshadweep,1,1,0,0,0,0,0,0,1
MEGHALAYA,Kerala,810,396,414,100,324,89,71,117,109
MEGHALAYA,Tamil Nadu,343,160,183,78,160,15,33,27,30
MEGHALAYA,Puducherry,8,5,3,0,6,0,1,1,0
MEGHALAYA,Andaman & Nicobar Islands,3,2,1,0,3,0,0,0,0
ASSAM,Jammu & Kashmir,3831,2235,1596,171,260,126,187,190,2897
ASSAM,Himachal Pradesh,1827,1101,726,67,174,80,83,111,1312
ASSAM,Punjab,3617,1814,1803,163,540,372,562,1561,419
ASSAM,Chandigarh,258,115,143,21,98,33,37,45,24
ASSAM,Uttarakhand,1194,732,462,137,385,100,100,153,319
ASSAM,Haryana,3225,1717,1508,167,640,297,510,1221,390
ASSAM,NCT of Delhi,3040,1421,1619,314,937,481,483,441,384
ASSAM,Rajasthan,27778,15279,12499,805,3262,3375,5446,12594,2296
ASSAM,Uttar Pradesh,35441,18488,16953,1199,3924,3247,5945,18321,2805
ASSAM,Bihar,147742,89301,58441,5001,16499,18327,35417,61350,11148
ASSAM,Sikkim,1077,514,563,39,139,74,121,620,84
ASSAM,Arunachal Pradesh,19486,7467,12019,1561,4719,3960,4688,2987,1571
ASSAM,Nagaland,23707,10161,13546,1386,5131,4224,6147,4165,2654
ASSAM,Manipur,12203,5033,7170,713,2524,2123,2645,3197,1001
ASSAM,Mizoram,3157,1422,1735,283,890,485,465,715,319
ASSAM,Tripura,39906,15295,24611,770,4414,4252,8382,19749,2339
ASSAM,Meghalaya,40755,16077,24678,1730,6607,5811,8923,14473,3211
ASSAM,West Bengal,94724,33670,61054,3540,10825,10799,18397,44405,6758
ASSAM,Jharkhand,11139,5682,5457,232,927,696,1295,7245,744
ASSAM,Odisha,5153,2740,2413,231,930,474,746,2366,406
ASSAM,Chhattisgarh,1162,594,568,46,131,74,120,727,64
ASSAM,Madhya Pradesh,2478,1143,1335,162,496,227,291,984,318
ASSAM,Gujarat,1271,680,591,200,487,127,133,171,153
ASSAM,Daman & Diu,3,1,2,0,0,0,0,1,2
ASSAM,Dadra & Nagar Haveli,20,11,9,0,3,3,2,3,9
ASSAM,Maharashtra,2557,1235,1322,295,984,314,321,298,345
ASSAM,Andhra Pradesh,4732,2193,2539,264,792,397,758,2109,412
ASSAM,Karnataka,991,488,503,167,330,131,112,69,182
ASSAM,Goa,52,24,28,7,11,8,9,7,10
ASSAM,Lakshadweep,423,236,187,18,20,10,17,15,343
ASSAM,Kerala,1437,750,687,131,436,187,198,272,213
ASSAM,Tamil Nadu,1193,667,526,153,415,128,132,166,199
ASSAM,Puducherry,27,13,14,3,8,1,6,7,2
ASSAM,Andaman & Nicobar Islands,93,40,53,6,19,10,20,30,8
WEST BENGAL,Jammu & Kashmir,5846,3177,2669,500,1182,579,797,935,1853
WEST BENGAL,Himachal Pradesh,2911,1471,1440,194,546,258,398,597,918
WEST BENGAL,Punjab,18154,9240,8914,973,2870,1987,3097,7660,1567
WEST BENGAL,Chandigarh,869,428,441,86,240,137,145,163,98
WEST BENGAL,Uttarakhand,3599,1690,1909,250,946,529,559,1000,315
WEST BENGAL,Haryana,11259,6008,5251,928,2044,1120,1798,4346,1023
WEST BENGAL,NCT of Delhi,15815,7727,8088,1890,4396,2777,2829,2358,1565
WEST BENGAL,Rajasthan,57668,29885,27783,2315,7192,6329,10342,27112,4378
WEST BENGAL,Uttar Pradesh,238819,128190,110629,8628,29573,27457,50446,105801,16914
WEST BENGAL,Bihar,1103757,578466,525291,52845,129684,137724,256678,447626,79200
WEST BENGAL,Sikkim,11537,2995,8542,589,2745,2008,2411,2832,952
WEST BENGAL,Arunachal Pradesh,2322,1090,1232,142,586,567,626,277,124
WEST BENGAL,Nagaland,3170,1610,1560,411,662,620,712,573,192
WEST BENGAL,Manipur,2651,1230,1421,357,758,448,522,359,207
WEST BENGAL,Mizoram,544,236,308,60,234,94,56,64,36
WEST BENGAL,Tripura,20497,10511,9986,767,2553,2702,5252,8007,1216
WEST BENGAL,Meghalaya,7000,3071,3929,339,1115,1236,1718,2123,469
WEST BENGAL,Assam,166400,68903,97497,4986,20370,20816,40695,69972,9561
WEST BENGAL,Jharkhand,459436,126188,333248,21229,60270,63691,107431,177366,29449
WEST BENGAL,Odisha,142179,60434,81745,5624,20863,19257,32728,55191,8516
WEST BENGAL,Chhattisgarh,8071,3507,4564,727,1574,982,1643,2559,586
WEST BENGAL,Madhya Pradesh,15815,6998,8817,1014,2925,2116,3112,5483,1165
WEST BENGAL,Gujarat,14563,7052,7511,950,2698,1760,2381,5829,945
WEST BENGAL,Daman & Diu,22,12,10,1,9,4,1,3,4
WEST BENGAL,Dadra & Nagar Haveli,403,181,222,15,73,45,65,77,128
WEST BENGAL,Maharashtra,27648,13040,14608,3171,7024,4382,4734,6209,2128
WEST BENGAL,Andhra Pradesh,16707,7616,9091,1170,3413,2081,2915,5779,1349
WEST BENGAL,Karnataka,5536,2674,2862,710,1818,775,837,970,426
WEST BENGAL,Goa,484,240,244,62,129,71,70,112,40
WEST BENGAL,Lakshadweep,311,181,130,8,24,12,27,66,174
WEST BENGAL,Kerala,7149,3609,3540,644,1605,736,1127,2496,541
WEST BENGAL,Tamil Nadu,7932,4062,3870,673,1932,1082,1263,2430,552
WEST BENGAL,Puducherry,251,101,150,18,48,33,41,81,30
WEST BENGAL,Andaman & Nicobar Islands,1720,769,951,110,432,368,316,364,130
JHARKHAND,Jammu & Kashmir,1677,840,837,199,496,137,173,274,398
JHARKHAND,Himachal Pradesh,1345,608,737,197,381,151,142,267,207
JHARKHAND,Punjab,10387,5108,5279,680,1796,984,1380,4886,661
JHARKHAND,Chandigarh,244,123,121,36,60,38,25,63,22
JHARKHAND,Uttarakhand,1396,602,794,218,378,182,176,310,132
JHARKHAND,Haryana,3729,1884,1845,443,799,379,449,1311,348
JHARKHAND,NCT of Delhi,7643,3821,3822,1477,2252,1218,1045,1035,616
JHARKHAND,Rajasthan,10240,5036,5204,590,1478,870,1333,5118,851
JHARKHAND,Uttar Pradesh,107724,44112,63612,4172,15293,13563,22879,45269,6548
JHARKHAND,Bihar,1336048,532734,803314,34829,175919,188842,322689,531001,82768
JHARKHAND,Sikkim,125,59,66,14,44,22,19,21,5
JHARKHAND,Arunachal Pradesh,185,79,106,15,61,43,33,16,17
JHARKHAND,Nagaland,198,82,116,14,65,29,46,29,15
JHARKHAND,Manipur,372,251,121,182,51,37,44,44,14
JHARKHAND,Mizoram,134,59,75,18,56,14,27,12,7
JHARKHAND,Tripura,408,195,213,29,104,43,65,120,47
JHARKHAND,Meghalaya,329,168,161,28,103,51,82,50,15
JHARKHAND,Assam,4940,1783,3157,382,1160,644,934,1480,340
JHARKHAND,West Bengal,494609,106009,388600,14516,65868,70193,119289,199263,25480
JHARKHAND,Odisha,126320,28564,97756,5412,20747,19870,28929,46222,5140
JHARKHAND,Chhattisgarh,42750,8378,34372,3184,6066,5717,9333,16815,1635
JHARKHAND,Madhya Pradesh,10885,3804,7081,874,2492,1567,2178,3118,656
JHARKHAND,Gujarat,5268,2556,2712,698,946,604,792,1835,393
JHARKHAND,Daman & Diu,5,2,3,1,4,0,0,0,0
JHARKHAND,Dadra & Nagar Haveli,16,4,12,1,4,2,2,5,2
JHARKHAND,Maharashtra,9727,5068,4659,2343,2567,1347,1232,1543,695
JHARKHAND,Andhra Pradesh,8661,3980,4681,809,1677,1072,1495,3059,549
JHARKHAND,Karnataka,2159,1081,1078,444,677,266,250,326,196
JHARKHAND,Goa,274,153,121,61,96,38,26,41,12
JHARKHAND,Lakshadweep,97,48,49,5,8,7,10,19,48
JHARKHAND,Kerala,3905,1659,2246,161,750,486,727,1532,249
JHARKHAND,Tamil Nadu,3373,1720,1653,433,786,434,519,1002,199
JHARKHAND,Puducherry,83,40,43,9,19,8,20,23,4
JHARKHAND,Andaman & Nicobar Islands,265,117,148,45,79,49,45,35,12
ODISHA,Jammu & Kashmir,8277,5224,3053,370,526,309,352,405,6315
ODISHA,Himachal Pradesh,1042,613,429,117,190,101,94,114,426
ODISHA,Punjab,6832,3619,3213,549,1170,901,1121,2366,725
ODISHA,Chandigarh,291,158,133,29,98,86,29,20,29
ODISHA,Uttarakhand,931,564,367,88,279,145,112,163,144
ODISHA,Haryana,5206,2978,2228,486,860,550,544,2166,600
ODISHA,NCT of Delhi,8006,4617,3389,1947,2320,1170,995,749,825
ODISHA,Rajasthan,12203,6792,5411,888,2086,1393,1910,4358,1568
ODISHA,Uttar Pradesh,33063,18638,14425,2864,7652,4833,5897,8352,3465
ODISHA,Bihar,119231,64207,55024,6776,22097,18401,26453,35722,9782
ODISHA,Sikkim,143,86,57,27,62,15,13,11,15
ODISHA,Arunachal Pradesh,581,257,324,54,156,104,123,53,91
ODISHA,Nagaland,486,279,207,101,159,88,64,23,51
ODISHA,Manipur,334,239,95,96,88,38,18,21,73
ODISHA,Mizoram,52,30,22,21,9,9,2,4,7
ODISHA,Tripura,465,309,156,159,122,36,41,68,39
ODISHA,Meghalaya,275,149,126,68,95,42,26,18,26
ODISHA,Assam,4732,2273,2459,472,1444,729,699,959,429
ODISHA,West Bengal,164699,59141,105558,8902,23029,20160,32965,69344,10299
ODISHA,Jharkhand,167377,53600,113777,8247,26658,23604,36026,62613,10229
ODISHA,Chhattisgarh,129371,26588,102783,7285,16496,15653,26067,55103,8767
ODISHA,Madhya Pradesh,12725,5519,7206,1277,2478,1631,2287,3850,1202
ODISHA,Gujarat,24420,19672,4748,14430,3041,1423,1485,1866,2175
ODISHA,Daman & Diu,11,7,4,7,2,1,0,0,1
ODISHA,Dadra & Nagar Haveli,75,20,55,4,8,12,10,16,25
ODISHA,Maharashtra,14902,8219,6683,3890,3790,2009,1903,1694,1616
ODISHA,Andhra Pradesh,122491,41505,80986,7346,18483,15910,25507,44326,10919
ODISHA,Karnataka,4829,3097,1732,1719,1377,525,426,264,518
ODISHA,Goa,400,227,173,122,130,45,37,18,48
ODISHA,Lakshadweep,232,134,98,3,4,5,9,12,199
ODISHA,Kerala,4763,2674,2089,658,1003,566,782,1256,498
ODISHA,Tamil Nadu,6256,3970,2286,1853,1623,693,737,809,541
ODISHA,Puducherry,149,69,80,23,39,17,21,26,23
ODISHA,Andaman & Nicobar Islands,246,101,145,27,87,34,37,31,30
CHHATTISGARH,Jammu & Kashmir,8321,4740,3581,1833,1596,862,720,555,2755
CHHATTISGARH,Himachal Pradesh,2567,1413,1154,329,427,213,234,467,897
CHHATTISGARH,Punjab,17217,9089,8128,1375,2477,2176,2947,7466,776
CHHATTISGARH,Chandigarh,310,152,158,64,89,54,44,42,17
CHHATTISGARH,Uttarakhand,2509,1325,1184,438,508,342,441,709,71
CHHATTISGARH,Haryana,12807,7145,5662,1025,2567,2423,2039,4182,571
CHHATTISGARH,NCT of Delhi,9266,4882,4384,1289,2517,1710,1681,1595,474
CHHATTISGARH,Rajasthan,21188,11390,9798,1319,3575,2651,3379,9063,1201
CHHATTISGARH,Uttar Pradesh,168385,83900,84485,9926,30221,25792,33742,60656,8048
CHHATTISGARH,Bihar,143216,76293,66923,7906,27094,25390,33859,42155,6812
CHHATTISGARH,Sikkim,68,37,31,13,21,11,15,5,3
CHHATTISGARH,Arunachal Pradesh,166,101,65,21,73,30,17,12,13
CHHATTISGARH,Nagaland,136,67,69,19,37,22,24,17,17
CHHATTISGARH,Manipur,81,44,37,16,34,10,11,8,2
CHHATTISGARH,Mizoram,30,20,10,2,3,9,2,0,14
CHHATTISGARH,Tripura,237,118,119,13,42,31,47,95,9
CHHATTISGARH,Meghalaya,107,51,56,28,25,18,27,6,3
CHHATTISGARH,Assam,3888,1936,1952,289,785,463,773,1400,178
CHHATTISGARH,West Bengal,53766,27180,26586,3165,8667,7647,11277,20611,2399
CHHATTISGARH,Jharkhand,111325,44091,67234,6377,19233,17547,25906,38342,3920
CHHATTISGARH,Odisha,242404,70888,171516,10122,34820,34129,53218,101000,9115
CHHATTISGARH,Madhya Pradesh,276527,114877,161650,17645,50674,46233,64053,85669,12253
CHHATTISGARH,Gujarat,13704,6798,6906,1117,2829,1942,2208,4904,704
CHHATTISGARH,Daman & Diu,32,20,12,7,9,5,7,3,1
CHHATTISGARH,Dadra & Nagar Haveli,14,5,9,1,2,1,3,4,3
CHHATTISGARH,Maharashtra,117487,43828,73659,6037,18754,16525,24282,45188,6701
CHHATTISGARH,Andhra Pradesh,42362,18650,23712,2403,6484,5302,8364,17925,1884
CHHATTISGARH,Karnataka,2752,1408,1344,380,757,448,419,613,135
CHHATTISGARH,Goa,177,101,76,33,66,35,22,10,11
CHHATTISGARH,Lakshadweep,648,418,230,3,9,5,12,8,611
CHHATTISGARH,Kerala,10747,5030,5717,405,1606,1027,1813,5455,441
CHHATTISGARH,Tamil Nadu,4879,2454,2425,385,1061,733,880,1561,259
CHHATTISGARH,Puducherry,33,13,20,0,9,9,10,4,1
CHHATTISGARH,Andaman & Nicobar Islands,312,160,152,45,77,54,54,65,17
MADHYA PRADESH,Jammu & Kashmir,12100,6791,5309,723,2232,835,900,1157,6253
MADHYA PRADESH,Himachal Pradesh,5894,2895,2999,384,1401,519,756,1054,1780
MADHYA PRADESH,Punjab,31895,15257,16638,1895,5732,3267,4948,13314,2739
MADHYA PRADESH,Chandigarh,695,336,359,81,244,89,114,107,60
MADHYA PRADESH,Uttarakhand,12253,5773,6480,723,3138,1625,2294,3509,964
MADHYA PRADESH,Haryana,19224,9256,9968,1883,5013,2515,3274,5107,1432
MADHYA PRADESH,NCT of Delhi,28597,12134,16463,3590,6716,4158,5197,6318,2618
MADHYA PRADESH,Rajasthan,500481,127335,373146,24197,73225,67443,114367,193084,28165
MADHYA PRADESH,Uttar Pradesh,1090881,314143,776738,41833,151099,145528,253930,432894,65597
MADHYA PRADESH,Bihar,125836,67608,58228,9704,26144,19195,30054,30811,9928
MADHYA PRADESH,Sikkim,210,115,95,31,86,39,17,23,14
MADHYA PRADESH,Arunachal Pradesh,305,144,161,28,108,39,61,40,29
MADHYA PRADESH,Nagaland,278,125,153,51,116,34,35,18,24
MADHYA PRADESH,Manipur,566,224,342,112,294,46,42,24,48
MADHYA PRADESH,Mizoram,265,111,154,40,69,28,49,49,30
MADHYA PRADESH,Tripura,446,216,230,32,149,79,72,87,27
MADHYA PRADESH,Meghalaya,417,194,223,41,172,64,76,39,25
MADHYA PRADESH,Assam,4901,2340,2561,513,1721,671,773,840,383
MADHYA PRADESH,West Bengal,46207,23922,22285,4123,9567,6983,10663,11751,3120
MADHYA PRADESH,Jharkhand,30272,17029,13243,5929,5837,4066,6120,6373,1947
MADHYA PRADESH,Odisha,24038,8626,15412,2216,6857,4473,5052,4155,1285
MADHYA PRADESH,Chhattisgarh,167340,55057,112283,9201,26571,23773,41088,55237,11470
MADHYA PRADESH,Gujarat,88702,29384,59318,8081,14640,11623,18050,29836,6472
MADHYA PRADESH,Daman & Diu,287,87,200,45,48,35,51,75,33
MADHYA PRADESH,Dadra & Nagar Haveli,60,28,32,5,21,8,4,11,11
MADHYA PRADESH,Maharashtra,494312,141535,352777,22106,73030,67537,109432,187761,34446
MADHYA PRADESH,Andhra Pradesh,17375,8087,9288,3135,4330,1868,2453,4021,1568
MADHYA PRADESH,Karnataka,7048,3239,3809,906,2201,820,1098,1383,640
MADHYA PRADESH,Goa,730,347,383,136,219,89,107,132,47
MADHYA PRADESH,Lakshadweep,794,469,325,13,32,23,28,39,659
MADHYA PRADESH,Kerala,22566,10228,12338,1038,4428,2360,4198,8794,1748
MADHYA PRADESH,Tamil Nadu,9099,4444,4655,913,2329,1076,1455,2522,804
MADHYA PRADESH,Puducherry,76,37,39,10,12,12,16,16,10
MADHYA PRADESH,Andaman & Nicobar Islands,182,73,109,19,67,7,41,32,16
GUJARAT,Jammu & Kashmir,4883,2645,2238,643,1622,598,673,574,773
GUJARAT,Himachal Pradesh,3761,2112,1649,378,1126,534,612,714,397
GUJARAT,Punjab,27549,14973,12576,2583,6495,3744,5264,7578,1885
GUJARAT,Chandigarh,1603,785,818,162,582,241,299,226,93
GUJARAT,Uttarakhand,11938,6678,5260,926,3116,1968,2314,2601,1013
GUJARAT,Haryana,32206,17340,14866,2160,8096,5578,7067,7308,1997
GUJARAT,NCT of Delhi,28596,14179,14417,2574,8489,4885,5274,5335,2039
GUJARAT,Rajasthan,747445,364104,383341,43512,154075,132878,177585,190404,48991
GUJARAT,Uttar Pradesh,929411,600482,328929,73551,268134,195180,200487,139038,53021
GUJARAT,Bihar,361010,253729,107281,41063,129221,81968,66592,25519,16647
GUJARAT,Sikkim,122,68,54,13,38,27,24,13,7
GUJARAT,Arunachal Pradesh,233,130,103,28,85,49,42,19,10
GUJARAT,Nagaland,313,174,139,32,103,35,84,40,19
GUJARAT,Manipur,531,331,200,80,232,73,70,34,42
GUJARAT,Mizoram,32,17,15,2,12,8,1,4,5
GUJARAT,Tripura,627,351,276,57,226,127,135,54,28
GUJARAT,Meghalaya,585,270,315,67,241,87,109,39,42
GUJARAT,Assam,13030,7691,5339,1321,4490,2817,2520,1212,670
GUJARAT,West Bengal,89040,54376,34664,9171,27414,16761,17724,12760,5210
GUJARAT,Jharkhand,49576,38335,11241,6787,19039,11746,7794,2068,2142
GUJARAT,Odisha,176072,133840,42232,14242,58996,44397,35979,16107,6351
GUJARAT,Chhattisgarh,12397,6794,5603,3389,4063,1651,1605,1059,630
GUJARAT,Madhya Pradesh,274773,135646,139127,33235,69693,46937,54300,54149,16459
GUJARAT,Daman & Diu,14501,4696,9805,715,2309,1995,3351,4717,1414
GUJARAT,Dadra & Nagar Haveli,10779,2616,8163,583,2102,1693,2421,3088,892
GUJARAT,Maharashtra,971975,450429,521546,64832,172355,160115,227771,284285,62617
GUJARAT,Andhra Pradesh,46784,23818,22966,3539,10841,7724,10480,11347,2853
GUJARAT,Karnataka,30437,14205,16232,2240,7470,4711,6295,7259,2462
GUJARAT,Goa,1951,895,1056,162,609,220,303,510,147
GUJARAT,Lakshadweep,55,30,25,4,3,2,6,8,32
GUJARAT,Kerala,44356,23036,21320,1985,7317,5995,10696,14882,3481
GUJARAT,Tamil Nadu,28620,14991,13629,2036,6702,4473,5851,7446,2112
GUJARAT,Puducherry,552,267,285,47,79,91,112,184,39
GUJARAT,Andaman & Nicobar Islands,332,179,153,50,160,40,31,30,21
DAMAN & DIU,Jammu & Kashmir,57,33,24,4,37,4,1,1,10
DAMAN & DIU,Himachal Pradesh,96,59,37,11,35,20,23,3,4
DAMAN & DIU,Punjab,165,128,37,31,58,42,19,14,1
DAMAN & DIU,Chandigarh,37,23,14,7,26,3,1,0,0
DAMAN & DIU,Uttarakhand,405,291,114,61,167,90,57,26,4
DAMAN & DIU,Haryana,159,95,64,13,54,43,41,5,3
DAMAN & DIU,NCT of Delhi,438,311,127,94,146,97,70,14,17
DAMAN & DIU,Rajasthan,4584,3054,1530,745,1533,1070,889,183,164
DAMAN & DIU,Uttar Pradesh,27657,21356,6301,5349,12036,6041,3127,514,590
DAMAN & DIU,Bihar,28202,22449,5753,4807,13304,6621,2815,138,517
DAMAN & DIU,Arunachal Pradesh,5,5,0,0,5,0,0,0,0
DAMAN & DIU,Nagaland,5,3,2,0,4,1,0,0,0
DAMAN & DIU,Manipur,12,6,6,3,5,2,1,1,0
DAMAN & DIU,Tripura,32,27,5,7,13,11,1,0,0
DAMAN & DIU,Meghalaya,4,1,3,1,3,0,0,0,0
DAMAN & DIU,Assam,1622,1452,170,277,923,331,66,2,23
DAMAN & DIU,West Bengal,4872,3838,1034,973,2206,1101,485,47,60
DAMAN & DIU,Jharkhand,3386,2896,490,868,1613,596,254,16,39
DAMAN & DIU,Odisha,4590,3661,929,829,2101,1100,461,20,79
DAMAN & DIU,Chhattisgarh,336,207,129,128,84,62,47,11,4
DAMAN & DIU,Madhya Pradesh,7579,6163,1416,2163,3426,1381,408,57,144
DAMAN & DIU,Gujarat,23072,10041,13031,2191,5222,4328,5284,5033,1014
DAMAN & DIU,Dadra & Nagar Haveli,159,83,76,29,73,15,18,17,7
DAMAN & DIU,Maharashtra,14738,8527,6211,1737,4732,3423,2954,1376,516
DAMAN & DIU,Andhra Pradesh,386,228,158,39,146,96,81,18,6
DAMAN & DIU,Karnataka,569,327,242,49,200,153,111,36,20
DAMAN & DIU,Goa,127,64,63,12,25,22,24,41,3
DAMAN & DIU,Lakshadweep,53,24,29,12,39,0,0,0,2
DAMAN & DIU,Kerala,792,439,353,40,249,193,203,69,38
DAMAN & DIU,Tamil Nadu,341,193,148,35,150,88,45,9,14
DAMAN & DIU,Puducherry,6,5,1,5,1,0,0,0,0
DAMAN & DIU,Andaman & Nicobar Islands,36,20,16,3,29,2,1,0,1
DADRA & NAGAR HAVELI,Jammu & Kashmir,45,30,15,14,22,3,3,1,2
DADRA & NAGAR HAVELI,Himachal Pradesh,104,74,30,27,51,12,8,2,4
DADRA & NAGAR HAVELI,Punjab,291,200,91,52,129,58,41,4,7
DADRA & NAGAR HAVELI,Chandigarh,29,20,9,1,17,3,8,0,0
DADRA & NAGAR HAVELI,Uttarakhand,707,487,220,105,239,152,161,28,22
DADRA & NAGAR HAVELI,Haryana,304,177,127,31,109,81,52,20,11
DADRA & NAGAR HAVELI,NCT of Delhi,612,378,234,89,228,144,119,22,10
DADRA & NAGAR HAVELI,Rajasthan,6830,4313,2517,987,2518,1529,1220,282,294
DADRA & NAGAR HAVELI,Uttar Pradesh,28719,20861,7858,5637,11874,5440,3722,1119,927
DADRA & NAGAR HAVELI,Bihar,20848,15098,5750,3923,8744,4301,2840,346,694
DADRA & NAGAR HAVELI,Arunachal Pradesh,10,10,0,7,2,1,0,0,0
DADRA & NAGAR HAVELI,Nagaland,4,2,2,1,3,0,0,0,0
DADRA & NAGAR HAVELI,Manipur,30,27,3,16,5,4,2,0,3
DADRA & NAGAR HAVELI,Mizoram,1,1,0,0,0,0,0,1,0
DADRA & NAGAR HAVELI,Tripura,4,3,1,2,1,0,0,0,1
DADRA & NAGAR HAVELI,Assam,1484,1324,160,334,862,213,44,4,27
DADRA & NAGAR HAVELI,West Bengal,2962,2175,787,560,1374,571,326,43,88
DADRA & NAGAR HAVELI,Jharkhand,2205,1759,446,614,957,377,179,29,49
DADRA & NAGAR HAVELI,Odisha,4339,3364,975,818,2226,848,323,39,85
DADRA & NAGAR HAVELI,Chhattisgarh,343,207,136,73,143,59,49,5,14
DADRA & NAGAR HAVELI,Madhya Pradesh,4707,3622,1085,1455,2022,731,317,83,99
DADRA & NAGAR HAVELI,Gujarat,30177,12090,18087,2641,7524,5367,6139,6635,1871
DADRA & NAGAR HAVELI,Daman & Diu,1080,488,592,126,334,179,166,198,77
DADRA & NAGAR HAVELI,Maharashtra,25860,12944,12916,2798,8117,5638,5297,2836,1174
DADRA & NAGAR HAVELI,Andhra Pradesh,748,415,333,133,248,179,127,38,23
DADRA & NAGAR HAVELI,Karnataka,1000,545,455,97,345,225,220,87,26
DADRA & NAGAR HAVELI,Goa,117,61,56,29,44,22,5,13,4
DADRA & NAGAR HAVELI,Lakshadweep,68,39,29,19,45,2,0,0,2
DADRA & NAGAR HAVELI,Kerala,1400,782,618,136,438,271,300,211,44
DADRA & NAGAR HAVELI,Tamil Nadu,559,319,240,83,215,115,93,38,15
DADRA & NAGAR HAVELI,Puducherry,9,5,4,0,7,0,0,2,0
DADRA & NAGAR HAVELI,Andaman & Nicobar Islands,6,4,2,0,3,3,0,0,0
MAHARASHTRA,Jammu & Kashmir,25774,14765,11009,1946,6070,3318,3897,5561,4982
MAHARASHTRA,Himachal Pradesh,15721,8438,7283,1109,3558,1942,2621,4812,1679
MAHARASHTRA,Punjab,73951,37890,36061,4470,14695,9084,12461,28574,4667
MAHARASHTRA,Chandigarh,3576,1711,1865,395,1138,561,619,626,237
MAHARASHTRA,Uttarakhand,42968,24560,18408,2992,10441,7161,8282,11817,2275
MAHARASHTRA,Haryana,48673,25960,22713,4290,13059,7500,8346,12235,3243
MAHARASHTRA,NCT of Delhi,86131,43679,42452,6699,23004,14820,16059,21798,3751
MAHARASHTRA,Rajasthan,570233,321711,248522,30560,112635,92869,125481,177576,31112
MAHARASHTRA,Uttar Pradesh,2754706,1759250,995456,169688,557546,483601,682294,741588,119989
MAHARASHTRA,Bihar,568667,389469,179198,51689,157925,117845,130143,84160,26905
MAHARASHTRA,Sikkim,551,318,233,60,225,85,71,89,21
MAHARASHTRA,Arunachal Pradesh,790,453,337,88,329,124,120,92,37
MAHARASHTRA,Nagaland,1401,717,684,133,513,238,191,213,113
MAHARASHTRA,Manipur,2824,1460,1364,326,1318,500,326,199,155
MAHARASHTRA,Mizoram,480,247,233,90,181,82,46,39,42
MAHARASHTRA,Tripura,1577,945,632,139,579,317,265,185,92
MAHARASHTRA,Meghalaya,1842,910,932,155,695,321,311,241,119
MAHARASHTRA,Assam,30614,20017,10597,3821,12062,5112,4463,3679,1477
MAHARASHTRA,West Bengal,309766,192781,116985,33732,89402,57731,59420,56133,13348
MAHARASHTRA,Jharkhand,100285,69602,30683,13188,31426,19809,19939,11317,4606
MAHARASHTRA,Odisha,114411,73388,41023,12189,36855,22078,20734,17726,4829
MAHARASHTRA,Chhattisgarh,168379,75295,93084,26769,30030,23552,35407,41070,11551
MAHARASHTRA,Madhya Pradesh,824624,346592,478032,66054,156689,124969,175327,243637,57948
MAHARASHTRA,Gujarat,983653,454952,528701,39175,131305,120367,188018,447893,56895
MAHARASHTRA,Daman & Diu,2067,990,1077,128,478,274,301,741,145
MAHARASHTRA,Dadra & Nagar Haveli,3066,715,2351,134,627,485,636,957,227
MAHARASHTRA,Andhra Pradesh,437034,178881,258153,26946,80858,61494,91796,145580,30360
MAHARASHTRA,Karnataka,1399591,592606,806985,90411,212320,192473,300573,500297,103517
MAHARASHTRA,Goa,68358,27386,40972,3139,9741,7922,11488,30687,5381
MAHARASHTRA,Lakshadweep,1138,650,488,37,108,94,162,259,478
MAHARASHTRA,Kerala,214889,108385,106504,9210,34910,27463,42878,88520,11908
MAHARASHTRA,Tamil Nadu,226029,116411,109618,10132,36391,29091,48623,92383,9409
MAHARASHTRA,Puducherry,1568,794,774,103,316,265,281,461,142
MAHARASHTRA,Andaman & Nicobar Islands,2043,888,1155,262,952,375,195,207,52
ANDHRA PRADESH,Jammu & Kashmir,6583,3912,2671,321,1107,446,438,418,3853
ANDHRA PRADESH,Himachal Pradesh,1757,993,764,109,434,127,158,182,747
ANDHRA PRADESH,Punjab,6861,3672,3189,417,1761,913,1114,1309,1347
ANDHRA PRADESH,Chandigarh,1110,530,580,78,377,220,157,126,152
ANDHRA PRADESH,Uttarakhand,2306,1209,1097,167,667,291,331,315,535
ANDHRA PRADESH,Haryana,6220,3363,2857,489,1857,824,888,853,1309
ANDHRA PRADESH,NCT of Delhi,16907,8826,8081,1436,5486,2919,2619,2150,2297
ANDHRA PRADESH,Rajasthan,72554,40769,31785,3285,15902,12787,14385,14538,11657
ANDHRA PRADESH,Uttar Pradesh,49889,29494,20395,3877,14621,8362,8060,5938,9031
ANDHRA PRADESH,Bihar,48120,29164,18956,3996,13681,8687,8800,5538,7418
ANDHRA PRADESH,Sikkim,189,85,104,19,79,21,11,29,30
ANDHRA PRADESH,Arunachal Pradesh,239,144,95,20,80,26,52,17,44
ANDHRA PRADESH,Nagaland,331,174,157,32,125,22,50,23,79
ANDHRA PRADESH,Manipur,1369,675,694,147,758,86,49,28,301
ANDHRA PRADESH,Mizoram,228,112,116,27,119,10,8,7,57
ANDHRA PRADESH,Tripura,349,210,139,24,136,49,55,28,57
ANDHRA PRADESH,Meghalaya,499,231,268,57,150,99,69,45,79
ANDHRA PRADESH,Assam,7155,3910,3245,671,2457,1233,1059,749,986
ANDHRA PRADESH,West Bengal,50218,26225,23993,3438,12692,8356,9512,8993,7227
ANDHRA PRADESH,Jharkhand,13024,6975,6049,1095,3875,1992,2397,1864,1801
ANDHRA PRADESH,Odisha,185872,76368,109504,19758,37513,28125,36819,41988,21669
ANDHRA PRADESH,Chhattisgarh,28383,13229,15154,1990,6320,6597,5934,4049,3493
ANDHRA PRADESH,Madhya Pradesh,18444,9417,9027,1498,4819,2938,3153,3039,2997
ANDHRA PRADESH,Gujarat,23299,11689,11610,1341,5574,3552,4061,4765,4006
ANDHRA PRADESH,Daman & Diu,51,28,23,3,29,2,12,3,2
ANDHRA PRADESH,Dadra & Nagar Haveli,16,7,9,3,5,3,2,0,3
ANDHRA PRADESH,Maharashtra,263216,91372,171844,10924,46860,38432,50233,71069,45698
ANDHRA PRADESH,Karnataka,466951,121945,345006,16168,73877,69207,100032,137177,70490
ANDHRA PRADESH,Goa,2209,1117,1092,438,847,319,276,142,187
ANDHRA PRADESH,Lakshadweep,337,197,140,8,16,11,17,22,263
ANDHRA PRADESH,Kerala,40113,17991,22122,2135,10847,4927,6195,9493,6516
ANDHRA PRADESH,Tamil Nadu,266720,99777,166943,11080,44285,36176,57043,85845,32291
ANDHRA PRADESH,Puducherry,7322,2820,4502,308,1448,1121,1663,1885,897
ANDHRA PRADESH,Andaman & Nicobar Islands,3049,1239,1810,316,931,542,473,361,426
KARNATAKA,Jammu & Kashmir,9326,5558,3768,786,2855,1341,1151,1258,1935
KARNATAKA,Himachal Pradesh,6763,4052,2711,576,1687,826,820,2187,667
KARNATAKA,Punjab,11819,6188,5631,1423,4270,1831,1539,1616,1140
KARNATAKA,Chandigarh,2124,1012,1112,306,1004,365,170,115,164
KARNATAKA,Uttarakhand,5177,2959,2218,785,1959,959,571,425,478
KARNATAKA,Haryana,12511,6803,5708,1779,4765,2380,1386,1025,1176
KARNATAKA,NCT of Delhi,35162,18556,16606,3951,12340,7179,4972,3400,3320
KARNATAKA,Rajasthan,150359,86188,64171,8301,36153,28579,29320,30368,17638
KARNATAKA,Uttar Pradesh,92495,57905,34590,11989,33472,18203,12098,6811,9922
KARNATAKA,Bihar,86083,59632,26451,11584,34235,17143,10525,3864,8732
KARNATAKA,Sikkim,1615,978,637,80,491,260,116,574,94
KARNATAKA,Arunachal Pradesh,2300,1872,428,156,946,675,276,164,83
KARNATAKA,Nagaland,1325,668,657,138,620,240,125,86,116
KARNATAKA,Manipur,4897,2775,2122,644,2469,919,317,104,444
KARNATAKA,Mizoram,468,199,269,62,261,65,25,7,48
KARNATAKA,Tripura,1896,1354,542,191,1052,325,171,54,103
KARNATAKA,Meghalaya,1959,988,971,225,944,391,150,90,159
KARNATAKA,Assam,23651,17163,6488,3940,12101,3911,1438,712,1549
KARNATAKA,West Bengal,67639,42000,25639,9443,25519,13391,8626,4743,5917
KARNATAKA,Jharkhand,21064,14087,6977,3681,9319,3952,1860,576,1676
KARNATAKA,Odisha,64032,45015,19017,10260,27835,13669,5442,1607,5219
KARNATAKA,Chhattisgarh,7582,4288,3294,957,2782,1340,801,643,1059
KARNATAKA,Madhya Pradesh,22610,12509,10101,3105,8498,4073,2668,2071,2195
KARNATAKA,Gujarat,38953,19968,18985,2787,10845,6920,6222,7786,4393
KARNATAKA,Daman & Diu,57,28,29,18,22,8,5,2,2
KARNATAKA,Dadra & Nagar Haveli,110,56,54,8,18,10,13,9,52
KARNATAKA,Maharashtra,586864,198807,388057,42613,98185,89571,114161,182339,59995
KARNATAKA,Andhra Pradesh,890697,358251,532446,55962,187808,156500,160289,234807,95331
KARNATAKA,Goa,22190,9383,12807,1901,5564,4181,4094,3927,2523
KARNATAKA,Lakshadweep,602,315,287,44,78,76,65,101,238
KARNATAKA,Kerala,334181,157421,176760,21915,83315,52223,55304,89689,31735
KARNATAKA,Tamil Nadu,736821,359476,377345,37732,139004,119439,136947,207673,96026
KARNATAKA,Puducherry,3222,1598,1624,232,863,526,514,594,493
KARNATAKA,Andaman & Nicobar Islands,1106,502,604,120,458,159,121,78,170
GOA,Jammu & Kashmir,761,478,283,144,226,80,113,71,127
GOA,Himachal Pradesh,403,236,167,79,116,48,39,44,77
GOA,Punjab,797,441,356,138,260,143,103,101,52
GOA,Chandigarh,100,42,58,16,45,17,7,9,6
GOA,Uttarakhand,658,382,276,146,238,90,86,43,55
GOA,Haryana,953,509,444,172,374,166,97,48,96
GOA,NCT of Delhi,2503,1390,1113,382,958,449,379,196,139
GOA,Rajasthan,4830,2914,1916,769,1538,1054,754,415,300
GOA,Uttar Pradesh,20136,13719,6417,4406,6179,3754,3107,1674,1016
GOA,Bihar,8334,5671,2663,2351,2580,1530,999,362,512
GOA,Sikkim,31,16,15,10,8,6,2,2,3
GOA,Arunachal Pradesh,22,13,9,1,12,4,3,1,1
GOA,Nagaland,91,44,47,13,33,12,2,8,23
GOA,Manipur,268,197,71,104,72,39,14,2,37
GOA,Mizoram,23,12,11,1,11,10,0,1,0
GOA,Tripura,33,16,17,6,19,1,3,3,1
GOA,Meghalaya,49,22,27,23,10,6,5,3,2
GOA,Assam,1502,1179,323,455,689,194,67,39,58
GOA,West Bengal,5342,3653,1689,1492,1805,848,522,419,256
GOA,Jharkhand,3583,2633,950,1384,1255,460,283,74,127
GOA,Odisha,4389,3186,1203,1364,1742,685,324,110,164
GOA,Chhattisgarh,916,542,374,401,347,81,50,10,27
GOA,Madhya Pradesh,2612,1589,1023,660,897,402,286,221,146
GOA,Gujarat,3720,1894,1826,501,1012,583,624,800,200
GOA,Daman & Diu,287,152,135,28,55,33,45,109,17
GOA,Dadra & Nagar Haveli,27,19,8,3,12,6,1,2,3
GOA,Maharashtra,71943,32987,38956,6205,14991,11161,13831,21621,4134
GOA,Andhra Pradesh,5652,2806,2846,904,1441,957,969,1078,303
GOA,Karnataka,116865,57100,59765,12346,24204,21218,24501,28118,6478
GOA,Lakshadweep,20,10,10,0,5,9,0,0,6
GOA,Kerala,8218,4200,4018,941,2063,1381,1482,1954,397
GOA,Tamil Nadu,4239,2218,2021,630,1231,683,684,740,271
GOA,Puducherry,59,28,31,13,9,9,20,7,1
GOA,Andaman & Nicobar Islands,323,159,164,81,154,32,33,18,5
LAKSHADWEEP,Jammu & Kashmir,6,4,2,3,0,0,1,0,2
LAKSHADWEEP,Punjab,6,4,2,1,4,0,0,0,1
LAKSHADWEEP,Chandigarh,1,1,0,0,0,1,0,0,0
LAKSHADWEEP,Uttarakhand,2,1,1,0,2,0,0,0,0
LAKSHADWEEP,Haryana,5,2,3,4,1,0,0,0,0
LAKSHADWEEP,NCT of Delhi,26,19,7,11,10,3,0,0,2
LAKSHADWEEP,Rajasthan,8,6,2,2,6,0,0,0,0
LAKSHADWEEP,Uttar Pradesh,11,5,6,3,6,0,0,2,0
LAKSHADWEEP,Bihar,12,10,2,7,4,0,0,0,1
LAKSHADWEEP,Arunachal Pradesh,4,2,2,0,3,0,1,0,0
LAKSHADWEEP,Mizoram,1,1,0,0,1,0,0,0,0
LAKSHADWEEP,Tripura,2,2,0,0,2,0,0,0,0
LAKSHADWEEP,Meghalaya,1,1,0,0,1,0,0,0,0
LAKSHADWEEP,Assam,5,5,0,4,0,1,0,0,0
LAKSHADWEEP,West Bengal,121,117,4,103,4,3,1,2,8
LAKSHADWEEP,Jharkhand,1,1,0,0,1,0,0,0,0
LAKSHADWEEP,Odisha,23,17,6,11,6,1,1,0,4
LAKSHADWEEP,Chhattisgarh,2,2,0,1,1,0,0,0,0
LAKSHADWEEP,Madhya Pradesh,23,18,5,16,5,1,0,0,1
LAKSHADWEEP,Gujarat,56,47,9,34,20,1,0,0,1
LAKSHADWEEP,Daman & Diu,87,60,27,37,44,0,0,0,6
LAKSHADWEEP,Dadra & Nagar Haveli,119,94,25,47,67,1,0,0,4
LAKSHADWEEP,Maharashtra,563,546,17,368,96,22,35,8,34
LAKSHADWEEP,Andhra Pradesh,47,36,11,25,14,7,1,0,0
LAKSHADWEEP,Karnataka,137,86,51,42,25,13,17,28,12
LAKSHADWEEP,Goa,6,6,0,3,0,1,1,0,1
LAKSHADWEEP,Kerala,4379,2933,1446,1730,1207,557,390,152,343
LAKSHADWEEP,Tamil Nadu,380,343,37,204,101,17,19,4,35
LAKSHADWEEP,Puducherry,4,3,1,4,0,0,0,0,0
LAKSHADWEEP,Andaman & Nicobar Islands,39,29,10,7,21,4,3,0,4
KERALA,Jammu & Kashmir,4293,2726,1567,328,737,434,525,474,1795
KERALA,Himachal Pradesh,743,405,338,66,160,53,78,96,290
KERALA,Punjab,3402,1928,1474,363,744,502,804,719,270
KERALA,Chandigarh,423,213,210,59,127,75,80,67,15
KERALA,Uttarakhand,790,403,387,149,302,79,136,52,72
KERALA,Haryana,2228,1214,1014,386,652,326,421,226,217
KERALA,NCT of Delhi,15303,7645,7658,2223,4646,2723,3202,1633,876
KERALA,Rajasthan,8893,5193,3700,1295,2821,1729,1656,790,602
KERALA,Uttar Pradesh,12203,7909,4294,2515,4216,1633,1772,1242,825
KERALA,Bihar,9904,7523,2381,2590,3955,1089,1000,597,673
KERALA,Sikkim,196,112,84,21,38,27,54,39,17
KERALA,Arunachal Pradesh,738,388,350,69,196,135,197,102,39
KERALA,Nagaland,1104,640,464,115,268,201,269,187,64
KERALA,Manipur,608,375,233,105,251,86,73,44,49
KERALA,Mizoram,156,82,74,19,46,24,30,31,6
KERALA,Tripura,232,150,82,33,67,37,58,26,11
KERALA,Meghalaya,410,221,189,55,119,64,73,62,37
KERALA,Assam,8469,7027,1442,2905,3290,581,616,488,589
KERALA,West Bengal,30470,26162,4308,11662,11691,2318,1635,1146,2018
KERALA,Jharkhand,3109,2111,998,825,1133,368,399,218,166
KERALA,Odisha,12223,9346,2877,4047,4657,1227,1072,553,667
KERALA,Chhattisgarh,2563,1298,1265,376,658,467,584,370,108
KERALA,Madhya Pradesh,8345,4173,4172,838,2048,1552,2106,1334,467
KERALA,Gujarat,10443,5356,5087,1307,2832,1957,2228,1537,582
KERALA,Daman & Diu,38,24,14,6,13,10,6,0,3
KERALA,Dadra & Nagar Haveli,27,11,16,10,5,5,5,0,2
KERALA,Maharashtra,47464,24086,23378,5370,11941,8163,11306,8163,2521
KERALA,Andhra Pradesh,19228,9645,9583,3140,6249,2741,3321,2510,1267
KERALA,Karnataka,110833,48741,62092,11776,23785,16869,23833,25929,8641
KERALA,Goa,2557,1200,1357,341,896,458,442,267,153
KERALA,Lakshadweep,2026,1207,819,357,839,290,242,136,162
KERALA,Tamil Nadu,311347,153210,158137,25452,57598,47310,70216,89922,20849
KERALA,Puducherry,21352,9539,11813,982,3474,3531,5104,6457,1804
KERALA,Andaman & Nicobar Islands,2303,1065,1238,260,752,433,397,311,150
TAMIL NADU,Jammu & Kashmir,7221,4077,3144,479,1277,600,786,1019,3060
TAMIL NADU,Himachal Pradesh,898,550,348,52,267,77,72,94,336
TAMIL NADU,Punjab,6082,3263,2819,583,1678,832,1037,1101,851
TAMIL NADU,Chandigarh,922,456,466,101,349,138,121,101,112
TAMIL NADU,Uttarakhand,1040,602,438,144,387,93,121,93,202
TAMIL NADU,Haryana,5172,3008,2164,655,1809,618,699,594,797
TAMIL NADU,NCT of Delhi,12139,6263,5876,1147,3725,2010,2252,1707,1298
TAMIL NADU,Rajasthan,88474,49562,38912,3903,16253,13445,17345,22615,14913
TAMIL NADU,Uttar Pradesh,27985,17031,10954,3642,9476,4134,3889,3066,3778
TAMIL NADU,Bihar,29277,19468,9809,4572,10441,4207,3929,2315,3813
TAMIL NADU,Sikkim,231,140,91,47,74,29,26,31,24
TAMIL NADU,Arunachal Pradesh,481,269,212,88,174,61,60,37,61
TAMIL NADU,Nagaland,558,292,266,71,192,73,79,82,61
TAMIL NADU,Manipur,1595,871,724,203,528,225,184,151,304
TAMIL NADU,Mizoram,207,124,83,43,102,14,8,16,24
TAMIL NADU,Tripura,374,237,137,92,147,35,38,24,38
TAMIL NADU,Meghalaya,567,292,275,68,262,87,40,35,75
TAMIL NADU,Assam,7860,5143,2717,1247,3288,978,695,694,958
TAMIL NADU,West Bengal,28829,17090,11739,3471,8242,3800,4627,4375,4314
TAMIL NADU,Jharkhand,7581,4789,2792,1469,2869,771,660,479,1333
TAMIL NADU,Odisha,22863,15206,7657,4716,8520,3111,2191,1322,3003
TAMIL NADU,Chhattisgarh,2174,1124,1050,350,842,238,245,200,299
TAMIL NADU,Madhya Pradesh,10917,5745,5172,1204,3088,1550,1982,1724,1369
TAMIL NADU,Gujarat,21024,10588,10436,1352,4530,2843,3625,5338,3336
TAMIL NADU,Daman & Diu,38,20,18,7,21,2,4,0,4
TAMIL NADU,Dadra & Nagar Haveli,318,135,183,13,57,36,37,69,106
TAMIL NADU,Maharashtra,82197,39981,42216,6465,19361,13577,17131,15386,10277
TAMIL NADU,Andhra Pradesh,286427,116838,169589,18510,57478,37566,51861,75444,45568
TAMIL NADU,Karnataka,289302,108083,181219,17165,60442,45268,60811,67751,37865
TAMIL NADU,Goa,1689,864,825,221,591,238,269,173,197
TAMIL NADU,Lakshadweep,81,52,29,9,36,5,4,7,20
TAMIL NADU,Kerala,447701,188708,258993,24324,85387,64440,87085,125593,60872
TAMIL NADU,Puducherry,252312,105367,146945,11205,44021,40618,52706,49718,54044
TAMIL NADU,Andaman & Nicobar Islands,6235,2900,3335,499,1747,1473,1170,604,742
PUDUCHERRY,Jammu & Kashmir,163,104,59,4,24,10,26,25,74
PUDUCHERRY,Himachal Pradesh,36,16,20,2,9,2,13,10,0
PUDUCHERRY,Punjab,169,88,81,13,68,18,29,36,5
PUDUCHERRY,Chandigarh,30,15,15,3,4,4,8,9,2
PUDUCHERRY,Uttarakhand,51,30,21,12,15,5,8,11,0
PUDUCHERRY,Haryana,130,62,68,15,26,29,37,18,5
PUDUCHERRY,NCT of Delhi,802,415,387,91,193,187,179,113,39
PUDUCHERRY,Rajasthan,1267,685,582,65,214,284,246,299,159
PUDUCHERRY,Uttar Pradesh,907,502,405,45,299,186,217,125,35
PUDUCHERRY,Bihar,680,382,298,84,197,118,154,92,35
PUDUCHERRY,Sikkim,22,13,9,4,0,8,5,3,2
PUDUCHERRY,Arunachal Pradesh,19,8,11,0,15,2,2,0,0
PUDUCHERRY,Nagaland,14,7,7,0,5,2,6,0,1
PUDUCHERRY,Manipur,36,19,17,6,14,10,6,0,0
PUDUCHERRY,Mizoram,1,1,0,0,0,0,1,0,0
PUDUCHERRY,Tripura,33,21,12,1,22,6,4,0,0
PUDUCHERRY,Meghalaya,23,10,13,1,8,5,0,8,1
PUDUCHERRY,Assam,283,153,130,19,105,66,50,36,7
PUDUCHERRY,West Bengal,1202,611,591,67,247,193,266,392,37
PUDUCHERRY,Jharkhand,123,62,61,6,28,19,37,25,8
PUDUCHERRY,Odisha,1753,986,767,142,495,436,350,284,46
PUDUCHERRY,Chhattisgarh,28,12,16,4,4,10,3,4,3
PUDUCHERRY,Madhya Pradesh,253,123,130,31,60,55,45,54,8
PUDUCHERRY,Gujarat,2102,1079,1023,73,358,356,596,627,92
PUDUCHERRY,Daman & Diu,5,2,3,0,4,0,0,0,1
PUDUCHERRY,Maharashtra,2037,976,1061,154,497,408,479,436,63
PUDUCHERRY,Andhra Pradesh,32330,14543,17787,1334,5780,8459,9119,7495,143
PUDUCHERRY,Karnataka,2978,1347,1631,301,812,580,569,585,131
PUDUCHERRY,Goa,91,49,42,8,28,32,19,4,0
PUDUCHERRY,Lakshadweep,8,3,5,2,0,0,2,4,0
PUDUCHERRY,Kerala,21345,8559,12786,1516,3902,3735,5148,6696,348
PUDUCHERRY,Tamil Nadu,270900,105284,165616,10637,45317,46254,64076,90527,14089
PUDUCHERRY,Andaman & Nicobar Islands,146,61,85,20,22,51,37,11,5
ANDAMAN & NICOBAR ISLANDS,Jammu & Kashmir,100,49,51,18,30,3,7,11,31
ANDAMAN & NICOBAR ISLANDS,Himachal Pradesh,55,26,29,8,21,4,7,10,5
ANDAMAN & NICOBAR ISLANDS,Punjab,429,200,229,62,115,44,46,144,18
ANDAMAN & NICOBAR ISLANDS,Chandigarh,53,33,20,4,13,3,4,25,4
ANDAMAN & NICOBAR ISLANDS,Uttarakhand,255,117,138,28,50,6,22,143,6
ANDAMAN & NICOBAR ISLANDS,Haryana,278,104,174,73,130,27,17,14,17
ANDAMAN & NICOBAR ISLANDS,NCT of Delhi,437,228,209,90,197,38,42,51,19
ANDAMAN & NICOBAR ISLANDS,Rajasthan,257,138,119,60,94,27,20,37,19
ANDAMAN & NICOBAR ISLANDS,Uttar Pradesh,3114,1591,1523,278,739,334,447,1183,133
ANDAMAN & NICOBAR ISLANDS,Bihar,1779,1053,726,179,326,210,275,692,97
ANDAMAN & NICOBAR ISLANDS,Sikkim,13,9,4,8,4,0,1,0,0
ANDAMAN & NICOBAR ISLANDS,Arunachal Pradesh,18,9,9,4,8,3,1,1,1
ANDAMAN & NICOBAR ISLANDS,Nagaland,24,15,9,4,11,3,2,3,1
ANDAMAN & NICOBAR ISLANDS,Manipur,20,12,8,5,4,7,1,3,0
ANDAMAN & NICOBAR ISLANDS,Mizoram,10,3,7,1,4,5,0,0,0
ANDAMAN & NICOBAR ISLANDS,Tripura,77,64,13,50,10,4,1,11,1
ANDAMAN & NICOBAR ISLANDS,Meghalaya,21,9,12,12,6,2,0,1,0
ANDAMAN & NICOBAR ISLANDS,Assam,459,281,178,83,67,40,85,171,13
ANDAMAN & NICOBAR ISLANDS,West Bengal,20998,13391,7607,1916,4892,3173,4120,6422,475
ANDAMAN & NICOBAR ISLANDS,Jharkhand,7612,4292,3320,555,602,454,1046,4786,169
ANDAMAN & NICOBAR ISLANDS,Odisha,1244,705,539,151,267,126,238,435,27
ANDAMAN & NICOBAR ISLANDS,Chhattisgarh,2600,1419,1181,64,179,160,266,1897,34
ANDAMAN & NICOBAR ISLANDS,Madhya Pradesh,648,343,305,36,88,29,93,380,22
ANDAMAN & NICOBAR ISLANDS,Gujarat,254,124,130,50,114,18,27,31,14
ANDAMAN & NICOBAR ISLANDS,Daman & Diu,11,4,7,2,8,1,0,0,0
ANDAMAN & NICOBAR ISLANDS,Dadra & Nagar Haveli,1,0,1,0,0,0,0,1,0
ANDAMAN & NICOBAR ISLANDS,Maharashtra,1052,485,567,262,537,65,70,78,40
ANDAMAN & NICOBAR ISLANDS,Andhra Pradesh,15681,7733,7948,661,2021,1776,3207,7507,509
ANDAMAN & NICOBAR ISLANDS,Karnataka,493,259,234,123,164,56,58,79,13
ANDAMAN & NICOBAR ISLANDS,Goa,212,103,109,36,138,17,5,5,11
ANDAMAN & NICOBAR ISLANDS,Lakshadweep,21,15,6,3,14,0,0,4,0
ANDAMAN & NICOBAR ISLANDS,Kerala,4829,2283,2546,337,746,394,746,2425,181
ANDAMAN & NICOBAR ISLANDS,Tamil Nadu,18136,9353,8783,828,2409,1897,3193,9102,707
ANDAMAN & NICOBAR ISLANDS,Puducherry,76,42,34,9,25,4,12,23,3
