state,district,districtCode,Illiterate_Persons,Illiterate_Males,Illiterate_Females,Literate_Persons,Literate_Males,Literate_Females,BelowMatric_Persons,BelowMatric_Males,BelowMatric_Females,MatricToGrad_Persons,MatricToGrad_Males,MatricToGrad_Females,TechDiploma_Persons,TechDiploma_Males,TechDiploma_Females,Graduate_Persons,Graduate_Males,Graduate_Females,TechDegree_Persons,TechDegree_Males,TechDegree_Females
ANDAMAN & NICOBAR ISLANDS,Nicobars,638,5171,2493,2678,13407,8335,5072,8891,5615,3276,3279,1925,1354,206,110,96,492,327,165,213,141,72
ANDAMAN & NICOBAR ISLANDS,North  & Middle Andaman,639,16496,6469,10027,46577,23349,23228,32070,15802,16268,9985,5141,4844,760,361,399,2306,1269,1037,658,396,262
ANDAMAN & NICOBAR ISLANDS,South Andaman,640,26949,11353,15596,107741,58255,49486,60521,33623,26898,29845,15731,14114,2226,1289,937,9116,4637,4479,2433,1337,1096
ANDHRA PRADESH,Anantapur,553,752795,167824,584971,869557,385009,484548,444632,182534,262098,244238,108492,135746,9310,6960,2350,70367,42311,28056,24112,14563,9549
ANDHRA PRADESH,Chittoor,554,592413,133435,458978,1034528,418763,615765,501523,178501,323022,298253,124690,173563,15075,10325,4750,97082,53908,43174,37287,21453,15834
ANDHRA PRADESH,East Godavari,545,860817,284622,576195,1640562,689441,951121,960940,353442,607498,409192,182609,226583,28153,23645,4508,128008,75915,52093,40131,25457,14674
ANDHRA PRADESH,Guntur,548,866188,252576,613612,1387321,631621,755700,732236,296649,435587,389139,184796,204343,22604,16785,5819,126790,75151,51639,49026,29242,19784
ANDHRA PRADESH,Krishna,547,742520,248806,493714,1575680,716405,859275,774645,310304,464341,426382,205635,220747,30558,25011,5547,138718,79061,59657,48764,29475,19289
ANDHRA PRADESH,Kurnool,552,798263,179337,618926,794997,370410,424587,405472,168102,237370,223234,109469,113765,10484,8097,2387,68991,42231,26760,27794,16955,10839
ANDHRA PRADESH,Prakasam,549,564578,118034,446544,687068,296780,390288,375583,143630,231953,185447,84809,100638,9352,7060,2292,55439,32535,22904,24655,15025,9630
ANDHRA PRADESH,Sri Potti Sriramulu Nellore,550,486822,139970,346852,823701,372719,450982,444645,177665,266980,236636,113963,122673,11411,9092,2319,62159,36500,25659,28590,18021,10569
ANDHRA PRADESH,Srikakulam,542,396862,65921,330941,454794,177524,277270,251143,86373,164770,126479,51043,75436,5175,4018,1157,36343,21176,15167,11071,6976,4095
ANDHRA PRADESH,Visakhapatnam,544,763818,237311,526507,1270142,637317,632825,565994,250571,315423,379410,193645,185765,33462,29005,4457,158578,90993,67585,50160,32822,17338
ANDHRA PRADESH,Vizianagaram,543,447746,107146,340600,494089,222195,271894,268826,109508,159318,125990,58389,67601,7364,5921,1443,42463,25289,17174,11952,7583,4369
ANDHRA PRADESH,West Godavari,546,617393,201460,415933,1326607,534154,792453,794041,282571,511470,329315,141226,188089,22334,18540,3794,89938,51461,38477,30023,18070,11953
ANDHRA PRADESH,Y.S.R.,551,515416,127496,387920,682734,316263,366471,345790,142636,203154,193506,91929,101577,12070,9508,2562,59313,35521,23792,25583,16143,9440
ARUNACHAL PRADESH,Anjaw,260,4819,1428,3391,4680,2766,1914,3517,2038,1479,666,396,270,50,43,7,283,181,102,72,65,7
ARUNACHAL PRADESH,Changlang,253,27978,11316,16662,30534,17660,12874,20741,11850,8891,6440,3642,2798,184,158,26,1859,1207,652,346,255,91
ARUNACHAL PRADESH,Dibang Valley,257,2223,1080,1143,2759,1505,1254,1708,903,805,635,353,282,15,11,4,203,139,64,29,23,6
ARUNACHAL PRADESH,East Kameng,247,18590,4572,14018,17537,9107,8430,11732,5573,6159,4097,2359,1738,106,83,23,1040,754,286,203,169,34
ARUNACHAL PRADESH,East Siang,251,14709,6078,8631,25306,13806,11500,14370,7651,6719,7045,3669,3376,141,113,28,2569,1643,926,515,389,126
ARUNACHAL PRADESH,Kurung Kumey,256,19723,6158,13565,11095,5156,5939,7516,3338,4178,2385,1185,1200,61,45,16,457,286,171,59,54,5
ARUNACHAL PRADESH,Lohit,259,29467,11943,17524,40397,22024,18373,27629,14757,12872,8346,4528,3818,214,179,35,2494,1552,942,418,310,108
ARUNACHAL PRADESH,Lower Dibang Valley,258,11559,5045,6514,17271,10018,7253,11180,6355,4825,3938,2237,1701,132,112,20,1247,798,449,281,223,58
ARUNACHAL PRADESH,Lower Subansiri,255,11923,4264,7659,23186,12215,10971,12772,6424,6348,7162,3738,3424,219,170,49,1928,1229,699,433,319,114
ARUNACHAL PRADESH,Papum Pare,248,33419,13089,20330,84484,45036,39448,40715,20548,20167,27540,14427,13113,908,672,236,10213,6266,3947,2232,1611,621
ARUNACHAL PRADESH,Tawang,245,8806,4691,4115,11362,7322,4040,6987,4476,2511,2573,1614,959,86,77,9,837,581,256,173,153,20
ARUNACHAL PRADESH,Tirap,254,15261,6545,8716,20689,12132,8557,13121,7466,5655,5032,3028,2004,106,96,10,1362,893,469,207,153,54
ARUNACHAL PRADESH,Upper Siang,252,4912,2311,2601,7901,4561,3340,5124,2761,2363,1756,1050,706,75,70,5,628,470,158,138,114,24
ARUNACHAL PRADESH,Upper Subansiri,249,15810,4931,10879,17531,8459,9072,10486,4579,5907,4750,2550,2200,68,54,14,1003,696,307,196,158,38
ARUNACHAL PRADESH,West Kameng,246,17849,7999,9850,25996,14897,11099,16483,9230,7253,6385,3614,2771,210,179,31,1997,1233,764,377,295,82
ARUNACHAL PRADESH,West Siang,250,20876,6568,14308,32179,16147,16032,19840,9255,10585,8514,4426,4088,295,236,59,2349,1545,804,480,364,116
ASSAM,Baksa,324,176904,50494,126410,224983,94549,130434,153478,62685,90793,49436,21556,27880,166,110,56,5148,2919,2229,332,207,125
ASSAM,Barpeta,303,259112,63642,195470,279384,89753,189631,188733,57595,131138,60401,19776,40625,452,322,130,15405,7367,8038,1041,737,304
ASSAM,Bongaigaon,319,106181,29355,76826,154262,57400,96862,101271,34079,67192,33334,13887,19447,715,653,62,10230,5533,4697,1221,882,339
ASSAM,Cachar,316,164241,38674,125567,378132,132505,245627,243026,81782,161244,80466,29887,50579,1095,921,174,19981,10208,9773,2294,1513,781
ASSAM,Chirang,320,99399,32887,66512,100115,43740,56375,68604,29107,39497,21429,9723,11706,100,66,34,2767,1638,1129,278,188,90
ASSAM,Darrang,325,148295,43419,104876,147499,46696,100803,98155,29852,68303,31590,9745,21845,214,159,55,7927,3773,4154,640,361,279
ASSAM,Dhemaji,308,101840,32126,69714,144762,65338,79424,82044,38548,43496,44353,17651,26702,153,114,39,10471,5614,4857,581,417,164
ASSAM,Dhubri,301,294731,72075,222656,264544,81502,183042,187714,52400,135314,47580,16819,30761,258,213,45,12706,6889,5817,885,647,238
ASSAM,Dibrugarh,310,150915,41656,109259,336922,138858,198064,191173,74007,117166,95446,40762,54684,1567,1296,271,29226,14379,14847,3445,2353,1092
ASSAM,Dima Hasao,315,27478,11167,16311,55617,30825,24792,36941,19819,17122,13461,7702,5759,202,156,46,2424,1571,853,259,187,72
ASSAM,Goalpara,302,157819,52646,105173,189824,75529,114295,137090,51632,85458,32934,14279,18655,189,155,34,7530,4414,3116,637,437,200
ASSAM,Golaghat,313,114146,31541,82605,241218,90242,150976,161015,59597,101418,47995,17362,30633,576,466,110,13728,6062,7666,1105,743,362
ASSAM,Hailakandi,318,68012,13940,54072,115442,34979,80463,80470,23561,56909,23629,7335,16294,230,196,34,4182,2002,2180,544,305,239
ASSAM,Jorhat,312,108451,30196,78255,335769,134408,201361,177160,68465,108695,98162,39170,58992,1789,1449,340,30709,14505,16204,3106,2014,1092
ASSAM,Kamrup,321,184615,45064,139551,321305,106193,215112,199828,62122,137706,83138,29615,53523,504,371,133,16633,7677,8956,958,548,410
ASSAM,Kamrup Metropolitan,322,125005,48734,76271,594272,309521,284751,232623,112420,120203,188428,96644,91784,5386,4290,1096,123830,70936,52894,17077,12198,4879
ASSAM,Karbi Anglong,314,109547,34286,75261,157333,74331,83002,107912,48866,59046,32706,16506,16200,363,281,82,6445,3931,2514,701,478,223
ASSAM,Karimganj,317,148544,40240,108304,287616,102754,184862,210457,73148,137309,43396,16713,26683,285,249,36,9093,4695,4398,724,437,287
ASSAM,Kokrajhar,300,162617,49682,112935,181849,77506,104343,116547,47158,69389,40190,18433,21757,180,147,33,7811,4799,3012,756,527,229
ASSAM,Lakhimpur,307,93486,18636,74850,184628,56585,128043,109411,33711,75700,49769,13595,36174,320,233,87,13564,5638,7926,795,462,333
ASSAM,Morigaon,304,128121,33004,95117,168522,56688,111834,119325,38039,81286,31841,11714,20127,277,234,43,6996,3550,3446,557,399,158
ASSAM,Nagaon,305,322865,85718,237147,530478,177540,352938,373426,120418,253008,95290,32928,62362,988,794,194,27343,12534,14809,2190,1401,789
ASSAM,Nalbari,323,99397,27316,72081,188773,61072,127701,108326,32311,76015,55441,18247,37194,293,224,69,13464,6182,7282,887,569,318
ASSAM,Sivasagar,311,97680,21273,76407,278201,82941,195260,151271,43520,107751,87469,25276,62193,1072,891,181,20961,8160,12801,1657,1119,538
ASSAM,Sonitpur,306,267082,84229,182853,359550,146620,212930,231947,91969,139978,76982,31387,45595,932,697,235,21811,11030,10781,1969,1256,713
ASSAM,Tinsukia,309,156552,48340,108212,277411,128744,148667,179701,80549,99152,64940,31313,33627,853,652,201,18711,9881,8830,1755,1210,545
ASSAM,Udalguri,326,125916,35272,90644,146872,59587,87285,102537,40258,62279,29390,12438,16952,132,95,37,4822,2678,2144,346,217,129
BIHAR,Araria,209,413721,37738,375983,201977,43932,158045,116285,23427,92858,42152,9441,32711,71,27,44,8898,4762,4136,744,527,217
BIHAR,Arwal,240,103253,3631,99622,69200,6977,62223,37343,3062,34281,22309,2396,19913,35,29,6,2854,858,1996,218,107,111
BIHAR,Aurangabad,235,376470,38525,337945,359779,88063,271716,204130,41369,162761,102426,28370,74056,540,465,75,21285,10949,10336,1274,888,386
BIHAR,Banka,225,342780,25588,317192,199299,33946,165353,120795,17630,103165,47806,9169,38637,189,59,130,8284,3380,4904,636,372,264
BIHAR,Begusarai,222,451101,49710,401391,382925,91045,291880,216498,44218,172280,99115,24545,74570,274,183,91,29190,12550,16640,3492,2188,1304
BIHAR,Bhagalpur,224,447845,58771,389074,396301,109717,286584,204609,47921,156688,116423,32206,84217,515,261,254,37655,17601,20054,4644,3125,1519
BIHAR,Bhojpur,231,402590,33370,369220,378280,86282,291998,222730,38583,184147,96744,26564,70180,138,90,48,28000,13552,14448,2300,1527,773
BIHAR,Buxar,232,244789,12657,232132,221013,40567,180446,129377,16085,113292,58204,13519,44685,104,76,28,16710,7730,8980,1254,865,389
BIHAR,Darbhanga,215,564152,33494,530658,298937,58466,240471,162863,24805,138058,71644,14133,57511,153,108,45,27573,11807,15766,3770,2514,1256
BIHAR,Gaya,236,672440,69520,602920,513896,140589,373307,273107,62195,210912,138305,41047,97258,877,705,172,38225,20079,18146,3015,2041,974
BIHAR,Gopalganj,217,424027,26862,397165,269748,44945,224803,159574,24151,135423,64318,11833,52485,103,59,44,13323,4693,8630,1104,685,419
BIHAR,Jamui,238,282797,14062,268735,144581,23862,120719,85998,11943,74055,31365,6493,24872,102,72,30,6148,2770,3378,416,270,146
BIHAR,Jehanabad,239,162904,7539,155365,121541,19597,101944,57356,6922,50434,40373,7150,33223,171,135,36,8421,3487,4934,586,324,262
BIHAR,Kaimur (Bhabua),233,241275,17829,223446,204424,37168,167256,109763,17241,92522,44816,9905,34911,84,51,33,12771,4814,7957,851,515,336
BIHAR,Katihar,212,458392,49004,409388,240318,63597,176721,138240,32363,105877,52877,16017,36860,162,108,54,15686,8630,7056,1535,1149,386
BIHAR,Khagaria,223,261248,24102,237146,165068,29508,135560,88044,14425,73619,41906,8076,33830,148,52,96,7886,2924,4962,781,442,339
BIHAR,Kishanganj,210,231988,25202,206786,120388,32068,88320,75911,18274,57637,20481,6374,14107,79,35,44,5770,3575,2195,661,498,163
BIHAR,Lakhisarai,227,156021,12453,143568,108334,20062,88272,53939,8974,44965,32584,6503,26081,87,44,43,5321,2029,3292,458,253,205
BIHAR,Madhepura,213,347678,19604,328074,142851,22515,120336,73552,10192,63360,38049,5930,32119,39,23,16,8799,3529,5270,901,628,273
BIHAR,Madhubani,207,762441,49873,712568,381409,73229,308180,216516,38303,178213,92530,17266,75264,115,62,53,25966,9170,16796,2235,1364,871
BIHAR,Munger,226,171093,16113,154980,198961,43236,155725,94740,16169,78571,65156,15920,49236,184,130,54,15925,6531,9394,1420,916,504
BIHAR,Muzaffarpur,216,726265,61736,664529,599925,139594,460331,325086,57472,267614,150271,38354,111917,431,341,90,57523,27567,29956,7089,4807,2282
BIHAR,Nalanda,229,461331,42309,419022,350655,84686,265969,175669,34950,140719,114221,27628,86593,293,213,80,27704,13197,14507,2909,1901,1008
BIHAR,Nawada,237,344001,23980,320021,211513,43623,167890,113434,18956,94478,58423,13469,44954,205,154,51,12642,6328,6314,853,581,272
BIHAR,Pashchim Champaran,203,678549,59149,619400,313469,73710,239759,202825,43433,159392,57807,15556,42251,172,115,57,15132,7378,7754,1494,1003,491
BIHAR,Patna,230,814198,139146,675052,1121994,446410,675584,478393,151507,326886,340619,130927,209692,1628,1270,358,191781,111988,79793,30954,22614,8340
BIHAR,Purba Champaran,204,860389,49995,810394,389498,67650,321848,238232,34417,203815,87818,16984,70834,181,120,61,20469,8943,11526,1799,1173,626
BIHAR,Purnia,211,501516,57964,443552,261588,74965,186623,140059,34271,105788,62669,18985,43684,169,130,39,20752,11932,8820,2331,1692,639
BIHAR,Rohtas,234,409457,38430,371027,453418,103636,349782,254087,45799,208288,130520,32723,97797,400,303,97,38622,17440,21182,2978,2066,912
BIHAR,Saharsa,214,327038,22950,304088,161645,40770,120875,83575,16894,66681,43945,11589,32356,84,66,18,15520,8227,7293,1771,1334,437
BIHAR,Samastipur,221,680884,37554,643330,421830,63186,358644,252116,31746,220370,110546,16592,93954,162,102,60,28052,9469,18583,2985,1795,1190
BIHAR,Saran,219,618441,32242,586199,420155,65694,354461,245793,29611,216182,119524,21159,98365,113,85,28,25472,9615,15857,2065,1219,846
BIHAR,Sheikhpura,228,98609,10241,88368,73627,16586,57041,37807,7585,30222,20206,5421,14785,66,48,18,3553,1671,1882,344,222,122
BIHAR,Sheohar,205,56506,3684,52822,28488,3989,24499,16023,2106,13917,4813,718,4095,8,4,4,893,269,624,80,53,27
BIHAR,Sitamarhi,206,584978,37487,547491,267975,48744,219231,157399,23882,133517,61314,11563,49751,124,64,60,17924,7464,10460,1624,981,643
BIHAR,Siwan,218,494619,16204,478415,358902,38911,319991,218631,18493,200138,90700,11324,79376,124,87,37,17853,5795,12058,1743,1022,721
BIHAR,Supaul,208,391287,28798,362489,184182,41415,142767,105243,22722,82521,40057,9431,30626,80,60,20,8779,4257,4522,784,539,245
BIHAR,Vaishali,220,523600,29482,494118,416102,57464,358638,238908,27014,211894,114257,16848,97409,166,98,68,23829,7627,16202,1959,1106,853
CHANDIGARH,Chandigarh,55,143197,59205,83992,534991,303113,231878,193155,111161,81994,173292,102264,71028,9971,6704,3267,122242,64121,58121,26264,14173,12091
CHHATTISGARH,Bastar,414,245433,25600,219833,154487,61240,93247,96601,32404,64197,33077,16355,16722,589,449,140,15936,8977,6959,1621,1100,521
CHHATTISGARH,Bijapur,417,45116,10027,35089,32330,17656,14674,23736,12584,11152,5290,3083,2207,46,41,5,1982,1327,655,98,83,15
CHHATTISGARH,Bilaspur,406,407766,53620,354146,482365,175930,306435,295528,86800,208728,100059,45467,54592,2290,1972,318,62274,31803,30471,9025,6146,2879
CHHATTISGARH,Dakshin Bastar Dantewada,416,87809,11589,76220,67552,35049,32503,41571,20334,21237,14649,8365,6284,727,638,89,6874,3936,2938,908,708,200
CHHATTISGARH,Dhamtari,412,110183,14488,95695,172998,45927,127071,124483,27932,96551,29444,10298,19146,517,414,103,10854,5211,5643,1114,740,374
CHHATTISGARH,Durg,409,458350,75248,383102,878439,324682,553757,524804,155650,369154,204826,97315,107511,9653,8680,973,93203,44882,48321,16092,10933,5159
CHHATTISGARH,Janjgir - Champa,405,251489,23861,227628,265215,72715,192500,177633,39747,137886,57701,20280,37421,904,782,122,18817,8908,9909,1954,1438,516
CHHATTISGARH,Jashpur,402,129210,12075,117135,134058,39269,94789,88232,21385,66847,28438,10407,18031,177,128,49,10403,5674,4729,816,511,305
CHHATTISGARH,Kabeerdham,407,156663,17395,139268,96827,28701,68126,72709,18462,54247,13860,5845,8015,169,133,36,6087,3224,2863,551,390,161
CHHATTISGARH,Korba,404,184553,30421,154132,275946,124083,151863,156956,57266,99690,69965,38878,31087,3827,3506,321,31355,17473,13882,5251,3943,1308
CHHATTISGARH,Koriya,400,104675,18119,86556,127513,50596,76917,81447,28506,52941,26752,13082,13670,651,567,84,11259,6063,5196,1161,856,305
CHHATTISGARH,Mahasamund,411,176390,21892,154498,190037,54725,135312,135868,33093,102775,32472,12411,20061,322,247,75,12027,6453,5574,1104,759,345
CHHATTISGARH,Narayanpur,415,22845,3594,19251,15361,7552,7809,10271,4759,5512,2970,1665,1305,26,22,4,1231,782,449,112,83,29
CHHATTISGARH,Raigarh,403,227983,28071,199912,298007,92934,205073,196532,48780,147752,56032,24439,31593,1609,1448,161,24929,12433,12496,3353,2541,812
CHHATTISGARH,Raipur,410,597530,99523,498007,962496,385763,576733,572251,189768,382483,222138,107781,114357,5340,4494,846,119602,62975,56627,18453,12404,6049
CHHATTISGARH,Rajnandgaon,408,220317,29645,190672,316187,91473,224714,226548,55053,171495,52467,21238,31229,678,573,105,22153,10980,11173,2177,1401,776
CHHATTISGARH,Surguja,401,423131,53844,369287,317143,112383,204760,207588,62945,144643,63962,27988,35974,1066,784,282,28266,15416,12850,2714,1822,892
CHHATTISGARH,Uttar Bastar Kanker,413,113480,18107,95373,138191,49701,88490,93611,29277,64334,24844,11906,12938,230,163,67,9413,5503,3910,725,524,201
DADRA & NAGAR HAVELI,Dadra & Nagar Haveli,496,52259,16466,35793,135798,86775,49023,62907,37300,25607,43658,30432,13226,3416,2705,711,13332,8261,5071,3244,2159,1085
DAMAN & DIU,Daman,495,29635,15096,14539,113891,81415,32476,59844,42272,17572,38802,28797,10005,1794,1359,435,7214,4659,2555,1428,993,435
DAMAN & DIU,Diu,494,902,223,679,4164,1801,2363,2274,839,1435,1254,629,625,68,40,28,373,194,179,105,69,36
GOA,North Goa,585,129727,52265,77462,530367,259316,271051,226357,108236,118121,165172,83290,81882,17500,12049,5451,60186,28671,31515,14022,7923,6099
GOA,South Goa,586,104608,42122,62486,375988,183553,192435,162232,79602,82630,118433,60038,58395,11504,7628,3876,38603,16790,21813,9654,5264,4390
GUJARAT,Ahmadabad,474,737007,223118,513889,2509530,1261106,1248424,1149540,519336,630204,729113,396275,332838,54875,36933,17942,387330,205277,182053,87714,60327,27387
GUJARAT,Amreli,480,246527,44915,201612,403385,142058,261327,264782,85860,178922,87937,35162,52775,6287,3235,3052,18556,9269,9287,4214,2826,1388
GUJARAT,Anand,482,289449,68495,220954,759101,286697,472404,430408,135915,294493,172687,81959,90728,15229,9511,5718,55245,28447,26798,15354,10379,4975
GUJARAT,Banas Kantha,469,587178,53086,534092,415707,143734,271973,290307,83470,206837,72748,36135,36613,9207,5295,3912,18649,10354,8295,6462,4452,2010
GUJARAT,Bharuch,488,220189,67399,152790,598658,276848,321810,314687,130741,183946,142304,75383,66921,16838,12880,3958,44246,23161,21085,13832,9845,3987
GUJARAT,Bhavnagar,481,424104,81295,342809,696921,288183,408738,451745,172003,279742,122058,62397,59661,10043,6103,3940,36476,19512,16964,9181,6435,2746
GUJARAT,Dohad,485,385531,22380,363151,175306,42629,132677,95532,22950,72582,45527,10281,35246,5297,1666,3631,8503,3269,5234,3144,1405,1739
GUJARAT,Gandhinagar,473,202192,47745,154447,557814,227410,330404,295953,98152,197801,137741,67335,70406,12063,7143,4920,60770,32437,28333,16658,11105,5553
GUJARAT,Jamnagar,477,332919,79973,252946,569740,245776,323964,346287,138570,207717,120638,58234,62404,8904,5449,3455,43928,20757,23171,11850,8446,3404
GUJARAT,Junagadh,479,417044,90513,326531,776495,320160,456335,451103,176223,274880,191592,86286,105306,12423,6743,5680,56122,26631,29491,12538,8646,3892
GUJARAT,Kachchh,468,374215,108263,265952,623958,322440,301518,381434,182118,199316,141114,82924,58190,13772,10386,3386,47876,26369,21507,10911,7631,3280
GUJARAT,Kheda,483,307923,53524,254399,682927,212104,470823,410353,102973,307380,138002,60318,77684,13036,7341,5695,35374,18367,17007,8747,5767,2980
GUJARAT,Mahesana,471,257700,46081,211619,646861,217683,429178,374400,97237,277163,156957,65959,90998,17735,10903,6832,46848,22923,23925,14469,9292,5177
GUJARAT,Narmada,487,84315,13450,70865,124507,42209,82298,81318,24887,56431,23259,10039,13220,1723,944,779,4926,2681,2245,1482,914,568
GUJARAT,Navsari,490,164275,48646,115629,524046,214585,309461,262773,105115,157658,152275,63882,88393,15129,8513,6616,40315,16516,23799,10378,6410,3968
GUJARAT,Panch Mahals,484,381969,28346,353623,360318,93803,266515,207162,43754,163408,87858,27154,60704,12650,5227,7423,19817,9298,10519,6596,3788,2808
GUJARAT,Patan,470,226567,30437,196130,268375,92664,175711,174449,50910,123539,52752,23275,29477,7150,4110,3040,13115,6645,6470,4497,2881,1616
GUJARAT,Porbandar,478,91252,22716,68536,164497,70290,94207,104891,42093,62798,30525,15359,15166,1811,1068,743,9282,4825,4457,2402,1604,798
GUJARAT,Rajkot,476,513496,133431,380065,1314759,580547,734212,687328,285044,402284,357880,175425,182455,17782,10630,7152,125294,58400,66894,24295,16759,7536
GUJARAT,Sabar Kantha,472,359870,34419,325451,499217,137472,361745,278378,62914,215464,137618,42185,95433,15443,5797,9646,33034,15715,17319,9785,5809,3976
GUJARAT,Surat,492,817199,347891,469308,2974031,1752289,1221742,1574507,906779,667728,897885,556898,340987,35527,23668,11859,198067,106889,91178,41599,28744,12855
GUJARAT,Surendranagar,475,292285,40504,251781,390372,142963,247409,261040,81698,179342,76124,35260,40864,7765,4863,2902,23905,12736,11169,5641,3880,1761
GUJARAT,Tapi,493,111993,23799,88194,164316,60400,103916,88545,31695,56850,35922,13769,22153,4624,2443,2181,9558,3911,5647,3189,1821,1368
GUJARAT,The Dangs,489,26927,4199,22728,45493,15049,30444,35406,11135,24271,6184,2353,3831,701,342,359,1195,603,592,374,191,183
GUJARAT,Vadodara,486,570660,129417,441243,1408393,624621,783772,698753,262304,436449,374218,187489,186729,41129,30190,10939,174005,85306,88699,48934,34588,14346
GUJARAT,Valsad,491,225950,62831,163119,594823,273759,321064,281955,122334,159621,181034,89658,91376,11713,6480,5233,52610,26103,26507,12988,8276,4712
HARYANA,Ambala,70,150909,35006,115903,348817,126541,222276,152863,49046,103817,111280,43986,67294,4330,2463,1867,50310,20535,29775,9683,4413,5270
HARYANA,Bhiwani,81,255893,21184,234709,302933,72085,230848,153013,29045,123968,99889,25960,73929,3003,1086,1917,30776,11660,19116,6627,2769,3858
HARYANA,Faridabad,88,300714,100365,200349,780949,416039,364910,303098,146504,156594,260864,151496,109368,10349,7750,2599,144553,75487,69066,34430,22025,12405
HARYANA,Fatehabad,78,187882,36783,151099,189985,67546,122439,110899,37207,73692,52569,20661,31908,1704,858,846,14639,5772,8867,3041,1291,1750
HARYANA,Gurgaon,86,220507,70035,150472,656117,311525,344592,226425,95727,130698,183804,89083,94721,11047,7932,3115,170430,82230,88200,48303,29882,18421
HARYANA,Hisar,80,300508,43719,256789,372856,132322,240534,182795,55007,127788,117266,46430,70836,4525,2521,2004,43153,19539,23614,10693,5535,5158
HARYANA,Jhajjar,83,129299,17523,111776,237079,67634,169445,102976,24941,78035,90393,26977,63416,3090,1265,1825,25050,9724,15326,5499,2453,3046
HARYANA,Jind,77,236267,27879,208388,253915,78115,175800,129731,32659,97072,80003,27929,52074,3462,1891,1571,24554,10581,13973,5529,2847,2682
HARYANA,Kaithal,73,201921,26651,175270,196226,58307,137919,109707,27978,81729,58590,19825,38765,1845,1053,792,17773,6704,11069,3484,1507,1977
HARYANA,Karnal,74,247116,50188,196928,357061,120107,236954,180525,52781,127744,107939,39784,68155,3561,2035,1526,44859,17759,27100,9437,4575,4862
HARYANA,Kurukshetra,72,161148,35399,125749,259639,90107,169532,125805,37748,88057,78854,29595,49259,3113,1877,1236,33904,13914,19990,9255,4845,4410
HARYANA,Mahendragarh,84,154185,16042,138143,180962,34986,145976,101461,16391,85070,54027,11515,42512,1363,582,781,15549,4638,10911,3610,1258,2352
HARYANA,Mewat,87,201740,14335,187405,62530,17731,44799,39330,10596,28734,13233,4356,8877,408,247,161,3274,1141,2133,670,306,364
HARYANA,Palwal,89,180140,16969,163171,146785,45755,101030,78965,20249,58716,44516,16293,28223,1560,973,587,13358,5621,7737,3002,1553,1449
HARYANA,Panchkula,69,91296,29835,61461,254296,121383,132913,90938,39178,51760,72910,35433,37477,6730,4886,1844,61822,30380,31442,15771,8874,6897
HARYANA,Panipat,75,211675,55972,155703,342902,152402,190500,172660,74576,98084,107039,50296,56743,3996,2759,1237,35533,15077,20456,7752,3981,3771
HARYANA,Rewari,85,134333,18717,115616,225321,61685,163636,111778,24715,87063,74569,22742,51827,2720,1680,1040,24218,8877,15341,5392,2306,3086
HARYANA,Rohtak,82,134400,18345,116055,260723,83066,177657,106649,27917,78732,93895,31156,62739,4826,1982,2844,37791,15665,22126,9663,4519,5144
HARYANA,Sirsa,79,263380,58724,204656,306714,119813,186901,175722,65504,110218,84337,35487,48850,3333,1838,1495,25820,11036,14784,6175,2887,3288
HARYANA,Sonipat,76,211298,38606,172692,376732,131240,245492,166308,52297,114011,139542,50247,89295,6026,2724,3302,43178,18028,25150,10449,4864,5585
HARYANA,Yamunanagar,71,173844,37438,136406,324463,117426,207037,162568,53888,108680,99250,39931,59319,3832,2540,1292,39059,14411,24648,7664,3701,3963
HIMACHAL PRADESH,Bilaspur,30,40183,4079,36104,102965,17535,85430,51048,6974,44074,36975,6553,30422,1200,573,627,9862,2448,7414,2156,801,1355
HIMACHAL PRADESH,Chamba,23,76072,6956,69116,83963,23791,60172,45257,11030,34227,25660,7922,17738,1021,628,393,6093,2530,3563,1650,877,773
HIMACHAL PRADESH,Hamirpur,28,43241,5682,37559,152616,28883,123733,70704,10942,59762,56920,11437,45483,1630,683,947,14827,3810,11017,3464,1319,2145
HIMACHAL PRADESH,Kangra,24,152148,24986,127162,437787,102927,334860,206330,42525,163805,162408,38589,123819,4916,2350,2566,37828,12525,25303,7838,3320,4518
HIMACHAL PRADESH,Kinnaur,34,9672,3127,6545,24186,12531,11655,13015,6195,6820,7329,3987,3342,302,255,47,2036,1136,900,360,270,90
HIMACHAL PRADESH,Kullu,26,49477,8934,40543,102027,35024,67003,53049,15919,37130,31382,11656,19726,907,602,305,10106,4739,5367,1700,963,737
HIMACHAL PRADESH,Lahul & Spiti,25,3712,913,2799,6194,2595,3599,3386,1436,1950,1631,609,1022,66,50,16,544,254,290,98,64,34
HIMACHAL PRADESH,Mandi,27,107614,11583,96031,220736,44644,176092,101294,18152,83142,85652,16813,68839,3004,1399,1605,17708,5591,12117,3777,1491,2286
HIMACHAL PRADESH,Shimla,33,100047,24451,75596,293868,122634,171234,123091,46798,76293,106769,44269,62500,2780,1812,968,46559,23372,23187,6550,3804,2746
HIMACHAL PRADESH,Sirmaur,32,64068,8845,55223,113123,35148,77975,62398,16599,45799,33577,11272,22305,1090,682,408,11168,4739,6429,2072,1118,954
HIMACHAL PRADESH,Solan,31,71706,18205,53501,186944,76146,110798,86229,31188,55041,64880,28389,36491,2846,1814,1032,21600,10105,11495,3885,2093,1792
HIMACHAL PRADESH,Una,29,53572,11420,42152,151146,36094,115052,74795,15479,59316,53545,13539,40006,2038,1091,947,12833,3900,8933,2583,1040,1543
JAMMU & KASHMIR,Anantnag,14,115759,20997,94762,65978,22430,43548,36778,12976,23802,19293,6035,13258,269,138,131,5375,1893,3482,1746,533,1213
JAMMU & KASHMIR,Badgam,2,73801,7689,66112,25980,8864,17116,11183,3895,7288,8077,2372,5705,226,116,110,2543,963,1580,757,231,526
JAMMU & KASHMIR,Bandipore,9,38041,5518,32523,19466,7820,11646,10089,3605,6484,5788,2361,3427,94,46,48,1161,470,691,483,210,273
JAMMU & KASHMIR,Baramula,8,115663,19359,96304,78499,31983,46516,42611,16890,25721,23127,9511,13616,729,418,311,6518,3080,3438,2718,1101,1617
JAMMU & KASHMIR,Doda,16,51448,5373,46075,38377,13829,24548,18314,6984,11330,15047,5038,10009,124,86,38,2365,832,1533,810,372,438
JAMMU & KASHMIR,Ganderbal,11,44248,13161,31087,26119,14186,11933,15154,8255,6899,6942,3899,3043,313,180,133,2226,1148,1078,350,156,194
JAMMU & KASHMIR,Jammu,21,182272,47033,135239,495941,207920,288021,197630,72223,125407,180777,78039,102738,4524,3270,1254,71103,34346,36757,25112,13710,11402
JAMMU & KASHMIR,Kargil,4,10394,1884,8510,10408,4866,5542,5241,2579,2662,3752,1542,2210,78,21,57,444,262,182,183,122,61
JAMMU & KASHMIR,Kathua,7,85174,14012,71162,120139,36027,84112,62609,18029,44580,41906,12696,29210,522,370,152,8842,2891,5951,3210,1270,1940
JAMMU & KASHMIR,Kishtwar,18,20012,2134,17878,10243,3310,6933,4629,1731,2898,4096,1150,2946,44,24,20,721,168,553,265,73,192
JAMMU & KASHMIR,Kulgam,15,50422,6311,44111,21363,6067,15296,10901,3166,7735,7271,1980,5291,229,68,161,1603,504,1099,526,133,393
JAMMU & KASHMIR,Kupwara,1,66984,11950,55034,49237,21820,27417,28286,12305,15981,14316,6347,7969,140,53,87,2645,1281,1364,854,425,429
JAMMU & KASHMIR,Leh(Ladakh),3,11713,3495,8218,22211,11154,11057,9763,5272,4491,7751,3340,4411,92,67,25,1782,868,914,473,249,224
JAMMU & KASHMIR,Pulwama,12,75063,10808,64255,40381,12651,27730,19156,6327,12829,14323,4268,10055,461,159,302,3732,1201,2531,1158,306,852
JAMMU & KASHMIR,Punch,5,31178,6575,24603,34353,14621,19732,18844,8140,10704,10642,4249,6393,109,67,42,2462,1148,1314,738,377,361
JAMMU & KASHMIR,Rajouri,6,59818,12994,46824,70059,25495,44564,42304,15388,26916,20162,7395,12767,177,105,72,3777,1330,2447,1385,547,838
JAMMU & KASHMIR,Ramban,17,32049,3999,28050,14087,5989,8098,7286,3214,4072,4716,1935,2781,55,29,26,760,347,413,197,93,104
JAMMU & KASHMIR,Reasi,20,37930,7643,30287,30193,10557,19636,17803,6278,11525,8889,3051,5838,64,50,14,1647,519,1128,643,340,303
JAMMU & KASHMIR,Samba,22,39849,6685,33164,75654,18921,56733,38738,9312,29426,28107,7293,20814,227,139,88,4917,1269,3648,1288,393,895
JAMMU & KASHMIR,Shupiyan,13,36259,5183,31076,14553,3746,10807,7377,1976,5401,4809,1049,3760,170,58,112,1023,273,750,289,67,222
JAMMU & KASHMIR,Srinagar,10,83465,31084,52381,113714,62170,51544,41524,22246,19278,37017,20303,16714,3246,1892,1354,20186,11028,9158,6076,3459,2617
JAMMU & KASHMIR,Udhampur,19,81252,11114,70138,89880,32906,56974,47036,14474,32562,28795,12653,16142,577,436,141,7374,3134,4240,2495,1211,1284
JHARKHAND,Bokaro,355,311547,35407,276140,417967,174350,243617,196753,60645,136108,133729,62889,70840,5116,4600,516,59815,35813,24002,9046,6728,2318
JHARKHAND,Chatra,347,174822,6895,167927,93698,16405,77293,56003,7664,48339,20424,4499,15925,98,86,12,5406,2344,3062,256,179,77
JHARKHAND,Deoghar,350,239919,12784,227135,177191,45863,131328,108588,18031,90557,40393,14143,26250,586,503,83,17633,10725,6908,1814,1360,454
JHARKHAND,Dhanbad,354,349014,56669,292345,559118,232888,326230,280139,95072,185067,170746,79600,91146,4778,4349,429,69008,40085,28923,8256,6005,2251
JHARKHAND,Dumka,362,224785,17580,207205,157110,40230,116880,106396,22328,84068,30233,10081,20152,365,246,119,9271,5172,4099,953,621,332
JHARKHAND,Garhwa,346,237320,13914,223406,109701,25163,84538,65250,12877,52373,24467,6211,18256,177,133,44,6909,3350,3559,590,434,156
JHARKHAND,Giridih,349,423221,15207,408014,224184,37688,186496,155347,19335,136012,44138,10055,34083,285,227,58,13028,6233,6795,1177,781,396
JHARKHAND,Godda,351,222827,11975,210852,120913,27021,93892,74174,12195,61979,30708,8275,22433,318,250,68,9117,4981,4136,915,612,303
JHARKHAND,Gumla,366,146904,10992,135912,126641,36306,90335,76929,18347,58582,33214,10753,22461,411,207,204,10663,5530,5133,978,470,508
JHARKHAND,Hazaribagh,360,264710,16096,248614,243908,61718,182190,127552,24532,103020,61117,17762,43355,763,626,137,25453,12678,12775,2421,1659,762
JHARKHAND,Jamtara,363,123246,7659,115587,99648,22168,77480,58699,10215,48484,16818,5946,10872,183,154,29,4715,2714,2001,461,325,136
JHARKHAND,Khunti,365,80437,6132,74305,65768,17417,48351,37255,8576,28679,15748,5346,10402,180,99,81,4316,2051,2265,408,186,222
JHARKHAND,Kodarma,348,116954,4787,112167,83853,19267,64586,47862,8007,39855,18296,5226,13070,234,190,44,6248,3316,2932,594,415,179
JHARKHAND,Latehar,359,120115,7774,112341,64617,18099,46518,40993,9719,31274,15676,5155,10521,161,102,59,4685,2421,2264,365,204,161
JHARKHAND,Lohardaga,356,67036,4782,62254,55289,14822,40467,32096,7456,24640,14587,4310,10277,168,112,56,4993,2269,2724,470,240,230
JHARKHAND,Pakur,353,151266,17428,133838,71419,19763,51656,51295,12414,38881,12681,4252,8429,116,79,37,3984,2243,1741,322,239,83
JHARKHAND,Palamu,358,324848,23068,301780,205543,52025,153518,117852,23311,94541,56921,16103,40818,436,331,105,18712,9536,9176,1359,930,429
JHARKHAND,Pashchimi Singhbhum,368,222532,11561,210971,140295,39663,100632,73003,16599,56404,39053,12464,26589,884,716,168,13639,6395,7244,1397,846,551
JHARKHAND,Purbi Singhbhum,357,265666,40969,224697,500953,213090,287863,227824,76505,151319,158302,75754,82548,6041,5409,632,78554,41349,37205,11818,8453,3365
JHARKHAND,Ramgarh,361,132252,15563,116689,159639,60508,99131,81964,26622,55342,51889,21213,30676,1256,1144,112,15977,8705,7272,1624,1178,446
JHARKHAND,Ranchi,364,358059,52469,305590,649100,275924,373176,272330,91867,180463,201074,88513,112561,7005,5718,1287,123927,69080,54847,17658,11995,5663
JHARKHAND,Sahibganj,352,182965,20528,162437,90261,24702,65559,57502,13575,43927,20917,6296,14621,209,157,52,6194,3275,2919,589,400,189
JHARKHAND,Saraikela-Kharsawan,369,162618,20415,142203,187179,71429,115750,100952,31424,69528,56375,24649,31726,1695,1549,146,18694,10331,8363,2136,1580,556
JHARKHAND,Simdega,367,74180,4901,69279,78464,18395,60069,40340,8230,32110,16127,4916,11211,234,96,138,4770,2484,2286,502,237,265
KARNATAKA,Bagalkot,556,354370,92392,261978,480202,217655,262547,269657,111024,158633,125168,59833,65335,10872,8057,2815,27909,17901,10008,12158,7517,4641
KARNATAKA,Bangalore,572,1000604,426212,574392,4140151,2279812,1860339,1268223,643039,625184,1457323,794841,662482,127134,99148,27986,704562,380672,323890,394951,263902,131049
KARNATAKA,Bangalore Rural,583,137873,34636,103237,306040,128182,177858,146395,57710,88685,112120,45551,66569,7048,5397,1651,18147,10194,7953,5239,3012,2227
KARNATAKA,Belgaum,555,847976,224150,623826,1447946,624017,823929,783160,306418,476742,423050,193528,229522,24125,16834,7291,85872,51576,34296,30026,18061,11965
KARNATAKA,Bellary,565,370182,85337,284845,490950,218370,272580,263274,103870,159404,132291,61226,71065,13483,11095,2388,37730,21603,16127,14972,9569,5403
KARNATAKA,Bidar,558,257883,40776,217107,302579,105345,197234,149508,47377,102131,93930,33198,60732,4148,2815,1333,17946,10301,7645,9597,4923,4674
KARNATAKA,Bijapur,557,378650,86010,292640,466914,209366,257548,247870,99377,148493,121577,58024,63553,9941,7132,2809,29570,19796,9774,13027,8096,4931
KARNATAKA,Chamarajanagar,578,155675,35080,120595,178867,63617,115250,102157,34241,67916,49105,17741,31364,2228,1203,1025,8189,4807,3382,2527,1360,1167
KARNATAKA,Chikkaballapura,582,185635,30614,155021,260695,89660,171035,137348,43142,94206,80144,28124,52020,4130,2455,1675,14094,7707,6387,4751,2610,2141
KARNATAKA,Chikmagalur,570,153124,39904,113220,374486,143732,230754,206873,76343,130530,100919,38372,62547,5485,3551,1934,23280,11813,11467,6636,3677,2959
KARNATAKA,Chitradurga,566,221947,46285,175662,387086,147323,239763,202458,69935,132523,117483,45438,72045,8305,5270,3035,22443,13630,8813,8897,5353,3544
KARNATAKA,Dakshina Kannada,575,225061,78405,146656,837454,357492,479962,442937,182920,260017,224851,97185,127666,16545,10678,5867,66572,29549,37023,21183,11450,9733
KARNATAKA,Davanagere,567,267909,71075,196834,541637,226886,314751,271861,104506,167355,150743,62593,88150,11299,8045,3254,34569,20149,14420,15136,9407,5729
KARNATAKA,Dharwad,562,255300,80251,175049,610722,289326,321396,306895,130779,176116,177661,85765,91896,17338,12780,4558,62149,36421,25728,20074,12584,7490
KARNATAKA,Gadag,561,177392,47305,130087,318175,141905,176270,178157,72701,105456,85689,40243,45446,7324,5528,1796,17105,10745,6360,6979,4142,2837
KARNATAKA,Gulbarga,579,441869,89078,352791,467466,208763,258703,229498,90445,139053,147355,67808,79547,9990,7279,2711,37252,22957,14295,17698,10131,7567
KARNATAKA,Hassan,574,257349,48212,209137,506724,180063,326661,261522,83647,177875,140931,52119,88812,11665,7873,3792,32861,17153,15708,10837,6112,4725
KARNATAKA,Haveri,564,227281,62043,165238,463298,182664,280634,286283,104039,182244,115727,47368,68359,7614,5481,2133,21510,13064,8446,8934,5361,3573
KARNATAKA,Kodagu,576,69562,25454,44108,199044,81145,117899,99597,41990,57607,56857,21518,35339,2099,1145,954,17007,7122,9885,3327,1560,1767
KARNATAKA,Kolar,581,197166,35658,161508,321746,114515,207231,157231,51453,105778,102780,36556,66224,7590,4784,2806,19609,10178,9431,7360,3794,3566
KARNATAKA,Koppal,560,240116,54876,185240,293825,127486,166339,170620,70251,100369,68400,31406,36994,5752,4422,1330,15177,9459,5718,5970,3496,2474
KARNATAKA,Mandya,573,283689,55651,228038,433500,155477,278023,213935,72972,140963,138921,47909,91012,6704,4613,2091,24728,13587,11141,7693,4300,3393
KARNATAKA,Mysore,577,434268,117410,316858,859414,385776,473638,393620,155936,237684,259471,117948,141523,19900,14673,5227,90169,50804,39365,35861,22435,13426
KARNATAKA,Raichur,559,351924,77527,274397,310339,145324,165015,175973,75835,100138,80319,39114,41205,5517,4130,1387,19886,12517,7369,8404,5027,3377
KARNATAKA,Ramanagara,584,167480,36196,131284,247637,96185,151452,128308,47323,80985,83547,30746,52801,4583,3551,1032,13658,7586,6072,3919,2220,1699
KARNATAKA,Shimoga,568,218435,61125,157310,553885,222172,331713,288277,107282,180995,154268,59825,94443,11003,7790,3213,43329,22927,20402,12902,7483,5419
KARNATAKA,Tumkur,571,399016,79460,319556,766005,288866,477139,380722,134385,246337,236204,86799,149405,15676,10716,4960,47951,27502,20449,19558,11819,7739
KARNATAKA,Udupi,569,123051,49510,73541,434901,190181,244720,226563,98603,127960,119372,51100,68272,7294,4602,2692,34873,15775,19098,9542,5126,4416
KARNATAKA,Uttara Kannada,563,186234,59330,126904,536522,228107,308415,300709,121346,179363,129523,54465,75058,11547,8088,3459,35147,17935,17212,9775,5263,4512
KARNATAKA,Yadgir,580,210644,32651,177993,127295,52398,74897,71122,27201,43921,33598,14360,19238,2161,1506,655,7949,4986,2963,3358,1887,1471
KERALA,Alappuzha,598,150916,66935,83981,1003177,382964,620213,462608,182819,279789,329398,121967,207431,48063,24399,23664,81268,26213,55055,20372,7125,13247
KERALA,Ernakulam,595,232078,103380,128698,1605305,653220,952085,653861,278902,374959,519503,199699,319804,78053,40315,37738,202284,75502,126782,56279,24283,31996
KERALA,Idukki,596,105685,45220,60465,571773,263898,307875,296926,144432,152494,176604,77324,99280,17882,7700,10182,36658,15795,20863,8998,3655,5343
KERALA,Kannur,589,220907,103850,117057,1114309,488708,625601,564121,265074,299047,381088,157288,223800,28848,14456,14392,88187,30361,57826,19673,8014,11659
KERALA,Kasaragod,588,142540,59465,83075,548234,238825,309409,314748,140864,173884,169250,70970,98280,11269,5677,5592,30848,12636,18212,7471,3303,4168
KERALA,Kollam,600,181287,80341,100946,1049710,418993,630717,496423,214299,282124,339594,127606,211988,43353,21154,22199,86438,26936,59502,22862,8073,14789
KERALA,Kottayam,597,154676,73138,81538,1144494,468406,676088,499627,213745,285882,384019,151185,232834,55373,23937,31436,108228,43533,64695,30595,11796,18799
KERALA,Kozhikode,591,286601,128990,157611,1513309,627739,885570,789237,340975,448262,486588,192193,294395,37707,18087,19620,107756,41058,66698,28453,12603,15850
KERALA,Malappuram,592,360472,157782,202690,1502258,507662,994596,889806,317919,571887,446945,134137,312808,25949,10367,15582,60500,21811,38689,19922,7356,12566
KERALA,Palakkad,593,279446,104725,174721,1109841,424296,685545,609205,236901,372304,337299,123168,214131,26774,13818,12956,73451,27608,45843,18634,7240,11394
KERALA,Pathanamthitta,599,80765,36813,43952,638295,242949,395346,273740,110287,163453,225749,81807,143942,35786,16082,19704,49967,17008,32959,17067,5974,11093
KERALA,Thiruvananthapuram,601,229551,103449,126102,1321198,596220,724978,576219,274033,302186,425428,183611,241817,51034,26956,24078,160416,65501,94915,44190,19960,24230
KERALA,Thrissur,594,251207,110972,140235,1570442,604758,965684,722865,302717,420148,529290,190018,339272,56313,27498,28815,149610,45307,104303,35853,12977,22876
KERALA,Wayanad,590,97200,41477,55723,397743,177260,220483,229013,107245,121768,115251,47959,67292,9775,4107,5668,21291,9149,12142,5323,2110,3213
LAKSHADWEEP,Lakshadweep,587,2789,1382,1407,17612,10515,7097,9328,5253,4075,5262,3374,1888,650,424,226,1070,688,382,565,375,190
MADHYA PRADESH,Alirajpur,465,138736,9108,129628,41044,15834,25210,24946,8901,16045,8747,3662,5085,107,62,45,4601,2447,2154,340,247,93
MADHYA PRADESH,Anuppur,461,122074,17280,104794,133893,52375,81518,80426,26128,54298,30127,14635,15492,955,876,79,12861,7421,5440,1489,1127,362
MADHYA PRADESH,Ashoknagar,459,152994,16189,136805,105539,31340,74199,75718,19874,55844,14778,6188,8590,172,146,26,8001,3497,4504,657,401,256
MADHYA PRADESH,Balaghat,457,219097,31054,188043,348412,90759,257653,230669,50474,180195,66189,20941,45248,1192,996,196,27275,12542,14733,2947,1843,1104
MADHYA PRADESH,Barwani,441,274521,37806,236715,144730,52791,91939,95352,31673,63679,28812,11879,16933,384,320,64,12739,6590,6149,1398,1010,388
MADHYA PRADESH,Betul,447,236684,42182,194502,287475,103934,183541,167072,55258,111814,64386,25508,38878,1653,1458,195,29541,14222,15319,3454,2215,1239
MADHYA PRADESH,Bhind,420,244398,21353,223045,284194,74682,209512,186263,35124,151139,62674,26087,36587,320,222,98,18830,9422,9408,1724,1144,580
MADHYA PRADESH,Bhopal,444,293105,97055,196050,776323,402860,373463,316378,152968,163410,210313,114029,96284,9727,8244,1483,165510,86245,79265,39625,25596,14029
MADHYA PRADESH,Burhanpur,467,117611,29055,88556,123008,46021,76987,80520,28334,52186,27099,10556,16543,575,496,79,9107,4397,4710,1655,1022,633
MADHYA PRADESH,Chhatarpur,425,314086,30252,283834,223775,70496,153279,141027,34606,106421,44439,18801,25638,794,674,120,23606,12228,11378,3035,2046,989
MADHYA PRADESH,Chhindwara,455,302763,53841,248922,397800,142562,255238,242285,78870,163415,91150,36377,54773,1418,1125,293,40064,19055,21009,4318,2819,1499
MADHYA PRADESH,Damoh,428,210966,25478,185488,199332,57187,142145,144295,35056,109239,32040,12795,19245,361,317,44,13852,6464,7388,1610,1011,599
MADHYA PRADESH,Datia,422,124897,8739,116158,119018,27936,91082,82273,14669,67604,20015,7326,12689,148,122,26,9438,4316,5122,891,560,331
MADHYA PRADESH,Dewas,437,304155,55955,248200,322341,124824,197517,214979,72339,142640,63166,32643,30523,1376,1234,142,24706,12535,12171,3301,2213,1088
MADHYA PRADESH,Dhar,438,440846,68623,372223,355748,149139,206609,230432,85967,144465,77763,40331,37432,1491,1389,102,28066,14972,13094,2861,2023,838
MADHYA PRADESH,Dindori,453,113086,14766,98320,90991,29322,61669,64070,18502,45568,14540,5975,8565,100,80,20,5243,2951,2292,446,310,136
MADHYA PRADESH,Guna,458,230830,29339,201491,160813,60022,100791,99425,32349,67076,29176,14196,14980,572,512,60,17543,8655,8888,2067,1397,670
MADHYA PRADESH,Gwalior,421,248899,44699,204200,428758,193582,235176,202007,77397,124610,116208,60292,55916,2721,2312,409,77044,38666,38378,13568,9264,4304
MADHYA PRADESH,Harda,448,100724,25022,75702,132426,51257,81169,91807,32680,59127,21126,9831,11295,360,321,39,9924,5272,4652,1037,701,336
MADHYA PRADESH,Hoshangabad,449,183743,34678,149065,283136,105904,177232,165007,52253,112754,63856,28763,35093,1314,1171,143,36269,17666,18603,4125,2510,1615
MADHYA PRADESH,Indore,439,424970,128171,296799,992919,479401,513518,483337,214713,268624,255532,134450,121082,6934,5620,1314,177357,88629,88728,31017,19974,11043
MADHYA PRADESH,Jabalpur,451,250898,52708,198190,561838,223601,338237,285129,96168,188961,138416,64207,74209,3735,3196,539,85039,39836,45203,14952,9376,5576
MADHYA PRADESH,Jhabua,464,230726,27633,203093,88774,36119,52655,55398,21310,34088,17219,7564,9655,285,245,40,8643,4609,4034,843,589,254
MADHYA PRADESH,Katni,450,208512,26287,182225,223414,69402,154012,139015,36173,102842,44722,18358,26364,909,828,81,19334,8598,10736,2069,1296,773
MADHYA PRADESH,Khandwa (East Nimar),466,232438,46414,186024,239608,96009,143599,170364,63242,107122,38479,18188,20291,1339,1168,171,17982,9022,8960,2735,1777,958
MADHYA PRADESH,Khargone (West Nimar),440,349617,60583,289034,304628,112435,192193,207892,67330,140562,54782,25270,29512,1175,1025,150,25067,13110,11957,3361,2431,930
MADHYA PRADESH,Mandla,454,168888,25263,143625,164896,56314,108582,109236,32689,76547,29410,12717,16693,440,346,94,14344,7207,7137,1282,816,466
MADHYA PRADESH,Mandsaur,433,248840,31035,217805,257467,81567,175900,186883,51840,135043,40964,17607,23357,425,372,53,18171,8641,9530,2002,1297,705
MADHYA PRADESH,Morena,419,333892,34085,299807,284941,89432,195509,180280,44565,135715,65084,28511,36573,392,310,82,21609,11493,10116,2100,1477,623
MADHYA PRADESH,Narsimhapur,452,154843,24275,130568,235412,67165,168247,158252,37953,120299,41973,16667,25306,317,250,67,17713,8016,9697,1853,1161,692
MADHYA PRADESH,Neemuch,432,156444,23865,132579,160900,56340,104560,106826,33845,72981,29909,12758,17151,510,460,50,14910,6662,8248,1790,1140,650
MADHYA PRADESH,Panna,426,182583,19309,163274,116268,30400,85868,78462,16978,61484,21449,7406,14043,175,148,27,8778,4177,4601,873,576,297
MADHYA PRADESH,Raisen,446,205309,40826,164483,257268,90713,166555,178555,55002,123553,44845,21500,23345,409,365,44,17775,9148,8627,1590,1050,540
MADHYA PRADESH,Rajgarh,442,306112,25112,281000,180918,50120,130798,118894,28549,90345,31494,11476,20018,212,172,40,14499,6768,7731,1266,788,478
MADHYA PRADESH,Ratlam,434,265416,36165,229251,258506,93639,164867,169751,54963,114788,47712,21606,26106,797,697,100,25775,12128,13647,2650,1672,978
MADHYA PRADESH,Rewa,430,366669,33326,333343,353916,90102,263814,193315,36140,157175,94773,27977,66796,1291,1100,191,38147,17262,20885,5601,3709,1892
MADHYA PRADESH,Sagar,427,317867,41576,276291,435503,125847,309656,296576,70980,225596,75581,28474,47107,961,838,123,41408,18503,22905,4983,3052,1931
MADHYA PRADESH,Satna,429,352052,43586,308466,390813,123522,267291,235384,59043,176341,91028,35855,55173,1381,1214,167,39369,19317,20052,5326,3568,1758
MADHYA PRADESH,Sehore,445,240233,38506,201727,216241,72235,144006,149706,44845,104861,37302,15807,21495,315,264,51,15708,7528,8180,1829,1184,645
MADHYA PRADESH,Seoni,456,216136,37820,178316,255252,79867,175385,175900,48048,127852,44617,17101,27516,642,535,107,21233,10281,10952,1970,1263,707
MADHYA PRADESH,Shahdol,460,178320,21060,157260,170544,57865,112679,98802,27068,71734,37256,15716,21540,944,828,116,18493,9699,8794,2208,1523,685
MADHYA PRADESH,Shajapur,436,292486,36515,255971,253887,74095,179792,77048,30043,47005,7982,2901,5081,29,26,3,2370,993,1377,608,349,259
MADHYA PRADESH,Sheopur,418,141980,14963,127017,57355,19927,37428,36134,10962,25172,10904,4854,6050,72,59,13,4851,2705,2146,439,301,138
MADHYA PRADESH,Shivpuri,423,335422,35290,300132,186511,63831,122680,120229,35451,84778,32723,14814,17909,327,288,39,18346,9215,9131,1852,1231,621
MADHYA PRADESH,Sidhi,462,198224,17967,180257,129538,33403,96135,79590,17226,62364,30834,9044,21790,159,131,28,10971,5198,5773,913,638,275
MADHYA PRADESH,Singrauli,463,218471,29146,189325,148562,69172,79390,77892,31009,46883,35227,19399,15828,2276,2095,181,15064,9012,6052,2853,2217,636
MADHYA PRADESH,Tikamgarh,424,273902,15364,258538,145107,28789,116318,97035,14082,82953,26810,8116,18694,238,190,48,11366,4747,6619,1273,772,501
MADHYA PRADESH,Ujjain,435,357021,63905,293116,443479,175085,268394,287291,103862,183429,79566,37396,42170,1559,1337,222,47519,22253,25266,6537,4170,2367
MADHYA PRADESH,Umaria,431,114813,14263,100550,97159,34254,62905,63232,18570,44662,19540,8865,10675,472,429,43,7980,4424,3556,985,728,257
MADHYA PRADESH,Vidisha,443,231514,35600,195914,235926,77204,158722,161674,45386,116288,38115,16419,21696,384,323,61,22164,10549,11615,2926,1849,1077
MAHARASHTRA,Ahmadnagar,522,780526,243399,537127,1712374,767849,944525,966012,392049,573963,470962,228800,242162,20848,15825,5023,111266,68292,42974,41328,25100,16228
MAHARASHTRA,Akola,501,173278,51550,121728,620443,226489,393954,318770,107043,211727,181833,70477,111356,3941,3039,902,43101,21541,21560,14285,8643,5642
MAHARASHTRA,Amravati,503,280110,84462,195648,983191,356384,626807,550351,185665,364686,295947,106080,189867,7329,5559,1770,80948,37409,43539,25008,14597,10411
MAHARASHTRA,Aurangabad,515,576907,149265,427642,1213312,554365,658947,616745,239823,376922,377321,184912,192409,17126,14106,3020,125400,76458,48942,39566,25445,14121
MAHARASHTRA,Bhandara,506,142684,29536,113148,379109,124840,254269,208802,61068,147734,116263,39232,77031,3020,2250,770,27884,13609,14275,9558,5651,3907
MAHARASHTRA,Bid,523,328602,48713,279889,568326,167527,400799,290288,75529,214759,137887,47328,90559,4012,2792,1220,36960,21549,15411,15631,8959,6672
MAHARASHTRA,Buldana,500,344363,90260,254103,843263,301858,541405,484790,158094,326696,194470,82596,111874,4557,3526,1031,37784,21916,15868,16230,11030,5200
MAHARASHTRA,Chandrapur,509,353729,100705,253024,820188,357644,462544,457778,185240,272538,252287,113742,138545,7851,6438,1413,59678,32481,27197,17701,11362,6339
MAHARASHTRA,Dhule,498,359795,111547,248248,695342,320332,375010,373562,155777,217785,199041,98773,100268,9456,7567,1889,44881,27274,17607,20471,13280,7191
MAHARASHTRA,Gadchiroli,508,180011,49236,130775,340838,150947,189891,190614,84212,106402,84217,39075,45142,1329,941,388,15731,9594,6137,5737,3985,1752
MAHARASHTRA,Gondiya,507,139486,23462,116024,387347,114451,272896,214807,59377,155430,99132,30803,68329,1808,1268,540,21655,9915,11740,6860,4104,2756
MAHARASHTRA,Hingoli,512,147482,19997,127485,257853,67821,190032,149060,35027,114033,46496,16583,29913,802,600,202,9398,5716,3682,4208,2744,1464
MAHARASHTRA,Jalgaon,499,714830,223756,491074,1553270,688493,864777,862897,340564,522333,441724,214574,227150,22503,18751,3752,98785,57806,40979,38005,24940,13065
MAHARASHTRA,Jalna,514,307400,51562,255838,387419,127108,260311,238787,68643,170144,84188,32739,51449,1846,1304,542,20688,12285,8403,6734,4263,2471
MAHARASHTRA,Kolhapur,530,648418,203896,444522,1643391,737347,906044,852280,343818,508462,516949,248894,268055,22618,17622,4996,136303,76133,60170,36890,22915,13975
MAHARASHTRA,Latur,524,316606,59765,256841,603695,202718,400977,316706,92246,224460,171165,59445,111720,5278,3728,1550,38810,22780,16030,20210,11794,8416
MAHARASHTRA,Mumbai,519,235985,107975,128010,997335,595495,401840,479751,287221,192530,319405,200051,119354,8006,5393,2613,126283,65497,60786,23236,13662,9574
MAHARASHTRA,Mumbai Suburban,518,762588,311288,451300,3508974,2054963,1454011,1566701,869851,696850,1163590,741964,421626,38968,29195,9773,511826,280209,231617,114423,72434,41989
MAHARASHTRA,Nagpur,505,438917,146960,291957,1675978,763548,912430,792651,339423,453228,520787,241495,279292,20877,16570,4307,207866,102249,105617,58242,34931,23311
MAHARASHTRA,Nanded,511,451501,72893,378608,728539,250969,477570,420671,122185,298486,175396,68121,107275,4805,3541,1264,46173,28627,17546,20138,12341,7797
MAHARASHTRA,Nandurbar,497,272739,68563,204176,386008,178355,207653,206202,92594,113608,99488,48011,51477,4906,3886,1020,20888,12975,7913,9872,6621,3251
MAHARASHTRA,Nashik,516,930788,314165,616623,2503765,1192580,1311185,1294474,573637,720837,693418,357829,335589,42710,34799,7911,196173,112123,84050,63023,40586,22437
MAHARASHTRA,Osmanabad,525,230316,51792,178524,461554,161085,300469,252395,79768,172627,124901,48253,76648,3327,2461,866,26926,16092,10834,11160,6910,4250
MAHARASHTRA,Parbhani,513,276805,46677,230128,392814,132778,260036,239901,66794,173107,89123,35392,53731,2138,1580,558,24694,15144,9550,10392,6602,3790
MAHARASHTRA,Pune,521,1407678,553499,854179,4686647,2404901,2281746,2005456,935153,1070303,1404465,767371,637094,106115,86709,19406,613306,313662,299644,265961,171585,94376
MAHARASHTRA,Raigarh,520,366753,123207,243546,1113125,523835,589290,556208,232780,323428,317855,167464,150391,17740,13719,4021,121323,62419,58904,38154,23755,14399
MAHARASHTRA,Ratnagiri,528,231429,52935,178494,599613,228664,370949,393347,126234,267113,138664,67383,71281,7293,5460,1833,35157,17758,17399,13580,7962,5618
MAHARASHTRA,Sangli,531,462391,148698,313693,1202692,531991,670701,658219,263303,394916,356941,170825,186116,14730,11306,3424,97185,52843,44342,29240,17326,11914
MAHARASHTRA,Satara,527,513509,164272,349237,1410925,610601,800324,769455,297222,472233,411919,198950,212969,16564,12671,3893,112234,59356,52878,32326,19212,13114
MAHARASHTRA,Sindhudurg,529,125024,36925,88099,399589,159304,240285,236879,82913,153966,106691,50775,55916,3617,2398,1219,23209,12114,11095,6798,3618,3180
MAHARASHTRA,Solapur,526,629017,174971,454046,1223558,518951,704607,745085,282616,462469,315172,147805,167367,12692,9650,3042,79141,46374,32767,32601,19866,12735
MAHARASHTRA,Thane,517,1628663,666483,962180,5802070,3139921,2662149,2504196,1260192,1244004,1923079,1117973,805106,80462,61833,18629,770367,411412,358955,176568,109025,67543
MAHARASHTRA,Wardha,504,181416,60291,121125,600085,249392,350693,343402,136069,207333,181188,74316,106872,5822,4173,1649,45077,22592,22485,14008,8159,5849
MAHARASHTRA,Washim,502,145300,32759,112541,348598,115155,233443,199367,60727,138640,88224,33185,55039,1586,1167,419,14989,8268,6721,6373,4150,2223
MAHARASHTRA,Yavatmal,510,339970,88574,251396,900530,342904,557626,501965,182917,319048,215705,88805,126900,4949,3782,1167,48360,26025,22335,17007,10826,6181
MANIPUR,Bishnupur,275,16475,3364,13111,24022,6054,17968,11843,3390,8453,7579,1607,5972,109,21,88,3197,705,2492,152,55,97
MANIPUR,Chandel,280,11795,4572,7223,17631,9031,8600,9922,4970,4952,5314,2717,2597,30,12,18,1266,784,482,67,36,31
MANIPUR,Churachandpur,274,35589,15043,20546,94569,49240,45329,56784,28362,28422,21260,11536,9724,223,66,157,6103,4041,2062,382,255,127
MANIPUR,Imphal East,278,32143,5198,26945,84498,22189,62309,37492,9834,27658,27022,6684,20338,522,124,398,14989,4246,10743,1165,454,711
MANIPUR,Imphal West,277,41664,9107,32557,128139,41225,86914,47893,15680,32213,42992,13136,29856,1189,330,859,27700,9239,18461,3064,1410,1654
MANIPUR,Senapati,272,18634,7281,11353,33544,17105,16439,19644,9675,9969,9105,4749,4356,72,41,31,2196,1328,868,76,45,31
MANIPUR,Tamenglong,273,13532,5987,7545,22464,12536,9928,12910,6946,5964,5852,3342,2510,24,9,15,1793,1191,602,102,76,26
MANIPUR,Thoubal,276,28970,3496,25474,40283,8947,31336,20585,4816,15769,12748,2548,10200,148,18,130,4180,1054,3126,187,60,127
MANIPUR,Ukhrul,279,9740,4041,5699,33243,16821,16422,15417,7508,7909,12189,5941,6248,102,52,50,4138,2567,1571,270,170,100
MEGHALAYA,East Garo Hills,294,14439,7345,7094,35408,22288,13120,25988,15929,10059,6550,4501,2049,33,25,8,797,579,218,153,106,47
MEGHALAYA,East Khasi Hills,298,57139,28938,28201,164347,86193,78154,100176,53124,47052,38746,19767,18979,853,515,338,16822,8642,8180,2769,1553,1216
MEGHALAYA,Jaintia Hills,299,40851,22872,17979,46643,23550,23093,31522,15953,15569,8907,4237,4670,169,99,70,2604,1342,1262,445,266,179
MEGHALAYA,Ribhoi,297,22111,11012,11099,38098,20939,17159,28570,15798,12772,5751,3056,2695,73,47,26,1536,819,717,242,138,104
MEGHALAYA,South Garo Hills,295,11929,6297,5632,20041,13391,6650,15073,9742,5331,3501,2613,888,13,8,5,336,253,83,98,76,22
MEGHALAYA,West Garo Hills,293,80742,35470,45272,123989,68787,55202,81292,44118,37174,27162,15746,11416,219,145,74,4706,2680,2026,1116,662,454
MEGHALAYA,West Khasi Hills,296,36547,19251,17296,67270,39054,28216,52872,30402,22470,7540,4426,3114,57,44,13,1723,1097,626,198,138,60
MIZORAM,Aizawl,283,13900,6624,7276,170861,84276,86585,112731,53834,58897,38417,18779,19638,583,348,235,13883,8388,5495,2449,1729,720
MIZORAM,Champhai,284,5750,2511,3239,31878,15985,15893,25586,12599,12987,3835,1981,1854,46,29,17,1335,842,493,193,135,58
MIZORAM,Kolasib,282,6824,3171,3653,30578,16022,14556,24068,12462,11606,4337,2299,2038,32,13,19,1159,718,441,199,134,65
MIZORAM,Lawngtlai,287,11004,4343,6661,18564,10791,7773,13055,7482,5573,3706,2130,1576,51,32,19,1078,755,323,156,129,27
MIZORAM,Lunglei,286,7540,3259,4281,37983,19535,18448,27813,13955,13858,6753,3582,3171,175,94,81,1991,1216,775,351,255,96
MIZORAM,Mamit,281,6759,2765,3994,16515,9517,6998,13561,7719,5842,1948,1140,808,33,26,7,602,392,210,100,83,17
MIZORAM,Saiha,288,1970,878,1092,11296,5815,5481,7294,3655,3639,2925,1455,1470,62,48,14,741,497,244,112,86,26
MIZORAM,Serchhip,285,1510,729,781,14438,7167,7271,11013,5331,5682,2213,1116,1097,37,26,11,763,471,292,164,111,53
NAGALAND,Dimapur,265,45498,20207,25291,154680,79621,75059,83367,42496,40871,43549,21922,21627,1059,752,307,17190,9555,7635,2032,1353,679
NAGALAND,Kiphire,269,5742,2521,3221,12229,6854,5375,8612,4616,3996,2209,1368,841,31,21,10,468,345,123,50,43,7
NAGALAND,Kohima,270,15992,7384,8608,63912,34820,29092,31594,17533,14061,18239,9234,9005,682,470,212,8552,4917,3635,1157,801,356
NAGALAND,Longleng,268,2423,1268,1155,6404,3616,2788,4183,2250,1933,1500,892,608,23,19,4,422,286,136,40,31,9
NAGALAND,Mokokchung,262,6672,3581,3091,41610,22528,19082,23170,12511,10659,10659,5615,5044,422,317,105,4462,2465,1997,602,392,210
NAGALAND,Mon,261,15503,6563,8940,27469,14937,12532,19240,9830,9410,4060,2399,1661,70,56,14,919,657,262,120,82,38
NAGALAND,Peren,271,7125,2789,4336,17898,10231,7667,12787,7183,5604,3100,1832,1268,51,32,19,987,637,350,82,65,17
NAGALAND,Phek,266,6443,2529,3914,21635,12046,9589,11491,6058,5433,5671,3235,2436,119,69,50,2615,1752,863,274,191,83
NAGALAND,Tuensang,267,6492,2786,3706,24229,12926,11303,15525,7959,7566,5573,3202,2371,99,65,34,1415,958,457,132,89,43
NAGALAND,Wokha,264,4941,2012,2929,29571,15187,14384,17136,8095,9041,7986,4483,3503,159,109,50,2582,1687,895,250,185,65
NAGALAND,Zunheboto,263,3544,1453,2091,29606,15260,14346,15955,7932,8023,8693,4569,4124,341,246,95,2871,1698,1173,377,207,170
NCT OF DELHI,Central,95,30041,13577,16464,92287,49643,42644,36549,20721,15828,26289,14240,12049,825,442,383,20133,9715,10418,3330,1859,1471
NCT OF DELHI,East,93,140097,48731,91366,601760,330273,271487,196005,101512,94493,177647,101718,75929,6573,4568,2005,164742,89828,74914,29954,19680,10274
NCT OF DELHI,New Delhi,94,16351,6613,9738,69524,40002,29522,24520,14029,10491,20512,12766,7746,646,367,279,17431,9137,8294,3064,1890,1174
NCT OF DELHI,North,91,68260,24719,43541,236050,132946,103104,98857,52840,46017,80717,48985,31732,1319,825,494,42385,24164,18221,4639,2847,1792
NCT OF DELHI,North East,92,239774,78521,161253,632187,370944,261243,283830,154305,129525,208823,132662,76161,4658,3497,1161,97143,58462,38681,12924,8871,4053
NCT OF DELHI,North West,90,418309,149027,269282,1159267,659170,500097,506486,279241,227245,368815,222471,146344,9608,5963,3645,209627,116098,93529,32042,19292,12750
NCT OF DELHI,South,98,294899,102205,192694,1039539,600387,439152,384662,209417,175245,306472,190251,116221,10130,6790,3340,223602,127497,96105,43101,28998,14103
NCT OF DELHI,South West,97,237404,82597,154807,947810,532490,415320,324588,171244,153344,304832,180142,124690,9366,6361,3005,217558,121744,95814,43856,28785,15071
NCT OF DELHI,West,96,225392,83910,141482,775563,445593,329970,288195,161900,126295,250963,152728,98235,8117,5106,3011,165448,91129,74319,27127,16491,10636
ODISHA,Anugul,384,175697,31865,143832,338437,122611,215826,213394,67249,146145,75025,30241,44784,5070,4361,709,26067,12653,13414,5908,3992,1916
ODISHA,Balangir,393,312915,52325,260590,292354,104465,187889,203200,65247,137953,52542,22035,30507,1728,1289,439,16610,9009,7601,3121,2090,1031
ODISHA,Baleshwar,377,235187,30123,205064,498319,101657,396662,325592,54243,271349,98797,23001,75796,2864,2029,835,38810,14797,24013,8997,3959,5038
ODISHA,Bargarh,370,195305,32306,162999,273059,79681,193378,198367,51935,146432,48301,16561,31740,943,640,303,12486,6339,6147,2522,1570,952
ODISHA,Baudh,391,75080,12617,62463,90877,33408,57469,72600,25383,47217,10956,4782,6174,238,144,94,2841,1582,1259,678,433,245
ODISHA,Bhadrak,378,142622,17354,125268,329240,66469,262771,230254,39634,190620,62205,14802,47403,1425,946,479,20652,7546,13106,5549,1877,3672
ODISHA,Cuttack,381,233247,40934,192313,743166,229750,513416,422156,102059,320097,177059,64315,112744,5876,3827,2049,84314,41448,42866,18328,10523,7805
ODISHA,Debagarh,373,52187,11189,40998,74932,29521,45411,53814,20057,33757,14203,5929,8274,383,273,110,3733,2019,1714,964,620,344
ODISHA,Dhenkanal,383,140281,21725,118556,276948,76493,200455,186562,44674,141888,58312,18326,39986,2085,1572,513,17478,7957,9521,3512,2019,1493
ODISHA,Gajapati,389,117603,29302,88301,96155,45356,50799,70468,31578,38890,15615,8258,7357,426,307,119,4061,2500,1561,1207,825,382
ODISHA,Ganjam,388,551864,109123,442741,785369,308752,476617,558852,195417,363435,139954,67411,72543,5936,4600,1336,42292,24785,17507,11581,7977,3604
ODISHA,Jagatsinghapur,380,106836,18323,88513,310405,73707,236698,198424,40660,157764,75928,20539,55389,1955,1389,566,19916,7441,12475,4025,1715,2310
ODISHA,Jajapur,382,202913,28642,174271,404325,87439,316886,266346,49432,216914,88855,21337,67518,2553,1770,783,26614,9597,17017,5424,2357,3067
ODISHA,Jharsuguda,371,85375,20257,65118,180950,77391,103559,107254,41399,65855,44968,21293,23675,2967,2503,464,13659,6976,6683,2508,1755,753
ODISHA,Kalahandi,395,325050,48773,276277,231464,86860,144604,164837,56818,108019,39184,17222,21962,973,682,291,10942,6272,4670,2429,1630,799
ODISHA,Kandhamal,390,139455,19612,119843,141116,56644,84472,105194,38372,66822,21779,10776,11003,842,518,324,7119,4474,2645,1578,1132,446
ODISHA,Kendrapara,379,134869,17372,117497,348801,66773,282028,236674,40666,196008,71413,15543,55870,1213,718,495,18911,6010,12901,4170,1384,2786
ODISHA,Kendujhar,375,264087,35256,228831,326268,98216,228052,213436,54330,159106,67757,23670,44087,2935,2336,599,24721,11773,12948,4985,2692,2293
ODISHA,Khordha,386,232434,62000,170434,923130,398731,524399,454371,156263,298108,231510,107860,123650,9441,7254,2187,158837,89791,69046,40988,27042,13946
ODISHA,Koraput,398,288336,55323,233013,207789,101372,106417,131326,58723,72603,41991,22633,19358,4186,3491,695,16269,9326,6943,3779,2667,1112
ODISHA,Malkangiri,399,131480,29382,102098,91609,45778,45831,72430,34633,37797,10909,6360,4549,603,428,175,3185,2084,1101,874,644,230
ODISHA,Mayurbhanj,376,434401,61778,372623,442342,142773,299569,298365,87332,211033,82651,29868,52783,3594,2747,847,26899,13248,13651,6135,3390,2745
ODISHA,Nabarangapur,397,286639,57440,229199,145807,67459,78348,109865,48544,61321,19934,10590,9344,819,539,280,5285,3274,2011,1296,913,383
ODISHA,Nayagarh,385,113752,16272,97480,233482,57534,175948,176922,38197,138725,34454,10977,23477,950,593,357,10224,4736,5488,2534,1246,1288
ODISHA,Nuapada,394,136703,19211,117492,87058,31624,55434,60976,20353,40623,16037,6751,9286,402,253,149,3985,2114,1871,727,510,217
ODISHA,Puri,387,158896,20934,137962,412295,96203,316092,291089,56055,235034,70626,22423,48203,1551,1010,541,27909,11621,16288,5549,2551,2998
ODISHA,Rayagada,396,212549,52589,159960,164646,83400,81246,106363,49897,56466,33896,19122,14774,1523,1210,313,10757,6707,4050,2836,2092,744
ODISHA,Sambalpur,372,163768,39436,124332,299670,126309,173361,187829,72340,115489,66137,30120,36017,2807,2100,707,26822,14590,12232,5567,3496,2071
ODISHA,Subarnapur,392,89729,14539,75190,119685,36702,82983,90426,25666,64760,19124,6764,12360,370,223,147,4671,2347,2324,891,585,306
ODISHA,Sundargarh,374,294065,61140,232925,518770,226206,292564,288512,109926,178586,143377,69056,74321,10052,8420,1632,47704,25384,22320,10083,6681,3402
PUDUCHERRY,Karaikal,637,22553,7374,15179,79324,35285,44039,38880,15219,23661,23957,11217,12740,3731,2599,1132,7775,3723,4052,2924,1649,1275
PUDUCHERRY,Mahe,636,2752,1350,1402,17212,7033,10179,7337,3188,4149,6272,2415,3857,537,304,233,1851,629,1222,558,230,328
PUDUCHERRY,Puducherry,635,127105,44920,82185,433475,210244,223231,192775,86487,106288,134552,65673,68879,17945,12191,5754,53637,27919,25718,22330,12790,9540
PUDUCHERRY,Yanam,634,8650,3484,5166,21330,9973,11357,12056,4985,7071,5599,2722,2877,739,646,93,1660,909,751,610,384,226
PUNJAB,Amritsar,49,338467,92521,245946,681885,291191,390694,284602,113421,171181,273710,124043,149667,9564,4500,5064,68850,31072,37778,15543,6937,8606
PUNJAB,Barnala,54,131643,36211,95432,195161,82029,113132,103125,42870,60255,65959,29165,36794,2709,1472,1237,12712,4742,7970,3873,1516,2357
PUNJAB,Bathinda,46,300706,78389,222317,445933,203056,242877,213080,91977,121103,153223,75012,78211,7062,4423,2639,43073,19065,24008,12785,5860,6925
PUNJAB,Faridkot,45,124799,31886,92913,180069,70856,109213,91573,35586,55987,61098,24965,36133,2865,1385,1480,15078,5520,9558,4642,1769,2873
PUNJAB,Fatehgarh Sahib,40,108531,36888,71643,244478,104078,140400,124588,52939,71649,86540,37946,48594,2011,1093,918,19165,7636,11529,3959,1518,2441
PUNJAB,Firozpur,43,364038,81039,282999,426954,149449,277505,233746,78046,155700,134942,51424,83518,4758,2281,2477,31810,10762,21048,8021,2906,5115
PUNJAB,Gurdaspur,35,272837,53691,219146,585902,172203,413699,252915,69013,183902,240230,72503,167727,9778,4253,5525,46191,15152,31039,14647,5214,9433
PUNJAB,Hoshiarpur,38,201084,57158,143926,551754,178875,372879,259074,82449,176625,210179,66454,143725,9561,4945,4616,43853,15328,28525,11758,4870,6888
PUNJAB,Jalandhar,37,295536,96332,199204,783588,330536,453052,349771,148041,201730,285848,120127,165721,9255,4856,4399,90437,37677,52760,19051,8509,10542
PUNJAB,Kapurthala,36,126027,37346,88681,285052,114779,170273,129459,51658,77801,105193,41723,63470,6642,4822,1820,26132,9937,16195,6205,2720,3485
PUNJAB,Ludhiana,41,554158,208226,345932,1507243,743023,764220,673797,328122,345675,555238,285071,270167,18516,10999,7517,171668,78348,93320,33418,15131,18287
PUNJAB,Mansa,47,194448,48969,145479,206979,88204,118775,114330,47963,66367,64429,29248,35181,2555,1226,1329,12472,4865,7607,3994,1653,2341
PUNJAB,Moga,42,211493,65578,145915,345861,148139,197722,180459,76829,103630,116719,51787,64932,5221,2536,2685,19961,7284,12677,6042,2393,3649
PUNJAB,Muktsar,44,181630,37743,143887,209249,74009,135240,111343,38207,73136,67936,25186,42750,2490,1162,1328,16843,5723,11120,4668,1773,2895
PUNJAB,Patiala,48,343227,99532,243695,653325,280883,372442,302572,124218,178354,218544,97848,120696,9955,6553,3402,80116,34752,45364,20969,9749,11220
PUNJAB,Rupnagar,51,114103,35595,78508,289739,122703,167036,136815,55917,80898,103505,45582,57923,6311,4066,2245,22391,9201,13190,7007,3259,3748
PUNJAB,Sahibzada Ajit Singh Nagar,52,175393,65990,109403,512754,246259,266495,200777,89963,110814,169873,84296,85577,10164,6621,3543,87319,43920,43399,23779,13033,10746
PUNJAB,Sangrur,53,332285,79929,252356,462605,185167,277438,237384,93014,144370,157890,65946,91944,5810,3307,2503,36252,13804,22448,10027,4206,5821
PUNJAB,Shahid Bhagat Singh Nagar,39,103578,28254,75324,220785,83638,137147,115074,43884,71190,78582,29889,48693,2102,1095,1007,12973,4834,8139,3375,1393,1982
PUNJAB,Tarn Taran,50,212391,49221,163170,259926,91244,168682,131229,42522,88707,97047,38094,58953,2847,991,1856,9823,3302,6521,2638,888,1750
RAJASTHAN,Ajmer,119,413093,36606,376487,387492,131543,255949,186381,54892,131489,72941,31012,41929,2126,1316,810,46840,19374,27466,7380,3854,3526
RAJASTHAN,Alwar,104,643643,59158,584485,553949,164808,389141,325679,75326,250353,127603,48450,79153,4340,3058,1282,56989,25871,31118,14218,7101,7117
RAJASTHAN,Banswara,125,365511,25554,339957,160825,49273,111552,98018,27616,70402,29264,11305,17959,1497,655,842,11857,5034,6823,3510,1555,1955
RAJASTHAN,Baran,128,234082,29440,204642,175368,59939,115429,119614,35228,84386,27748,13158,14590,867,583,284,12239,6076,6163,2697,1661,1036
RAJASTHAN,Barmer,115,479562,34989,444573,184155,57223,126932,127446,34924,92522,27160,12698,14462,792,349,443,9238,4831,4407,2260,1349,911
RAJASTHAN,Bharatpur,105,417443,23485,393958,297158,67616,229542,180877,29655,151222,60987,20338,40649,1529,983,546,27151,11173,15978,5251,2698,2553
RAJASTHAN,Bhilwara,122,490928,45459,445469,361226,130659,230567,202803,62624,140179,64653,31010,33643,1731,1073,658,35512,17592,17920,5713,3010,2703
RAJASTHAN,Bikaner,101,394333,65481,328852,326297,137830,188467,210632,80346,130286,60098,31141,28957,1499,1115,384,28173,14900,13273,6176,3772,2404
RAJASTHAN,Bundi,121,246934,34987,211947,153373,59308,94065,103541,36891,66650,26167,12523,13644,836,512,324,12254,5890,6364,2461,1375,1086
RAJASTHAN,Chittaurgarh,126,338349,32557,305792,245193,87001,158192,151750,47001,104749,43545,19272,24273,2732,2158,574,23178,10526,12652,4831,2928,1903
RAJASTHAN,Churu,102,344761,16423,328338,240382,40761,199621,151006,20767,130239,41339,10383,30956,983,284,699,14489,5240,9249,3395,1253,2142
RAJASTHAN,Dausa,109,299541,13966,285575,172567,40397,132170,102469,16824,85645,31261,10682,20579,859,449,410,14081,6706,7375,3011,1539,1472
RAJASTHAN,Dhaulpur,106,209673,22287,187386,137234,36934,100300,91144,20301,70843,23300,8914,14386,683,447,236,8714,4073,4641,1987,1246,741
RAJASTHAN,Dungarpur,124,294155,28724,265431,159020,52842,106178,105275,33719,71556,28557,10645,17912,1245,462,783,9409,4089,5320,3065,1376,1689
RAJASTHAN,Ganganagar,99,440458,127794,312664,522864,242705,280159,333877,149047,184830,110346,56565,53781,2466,1746,720,41325,19743,21582,9215,4839,4376
RAJASTHAN,Hanumangarh,100,370503,69877,300626,355180,135761,219419,220747,77644,143103,71069,32101,38968,1486,930,556,23812,11560,12252,5155,2623,2532
RAJASTHAN,Jaipur,110,927907,126960,800947,1325429,584182,741247,635946,222116,413830,326180,165424,160756,7442,5280,2162,269046,147162,121884,49204,30940,18264
RAJASTHAN,Jaisalmer,114,124133,17120,107013,71733,32754,38979,47849,18686,29163,13839,9222,4617,275,185,90,4492,2592,1900,819,552,267
RAJASTHAN,Jalor,116,384144,25733,358411,136831,47624,89207,97467,30790,66677,16938,8473,8465,516,249,267,5621,3516,2105,1432,989,443
RAJASTHAN,Jhalawar,129,297863,27635,270228,187634,59937,127697,131714,36675,95039,28439,12234,16205,805,525,280,13729,6459,7270,2950,1831,1119
RAJASTHAN,Jhunjhunun,103,360682,23525,337157,354491,76323,278168,199909,33167,166742,84257,23588,60669,2267,944,1323,34503,11360,23143,9684,3484,6200
RAJASTHAN,Jodhpur,113,597070,67432,529638,456685,194243,262442,267727,95435,172292,95384,51873,43511,2572,1817,755,54259,29587,24672,10945,6850,4095
RAJASTHAN,Karauli,107,281058,19773,261285,139142,33104,106038,90491,16518,73973,22746,8404,14342,1003,525,478,8883,3964,4919,2584,1360,1224
RAJASTHAN,Kota,127,273100,53494,219606,469641,219774,249867,246806,97862,148944,118935,68871,50064,5053,4144,909,66730,33739,32991,13775,8827,4948
RAJASTHAN,Nagaur,112,639961,42596,597365,360339,89892,270447,240588,50270,190318,61558,22651,38907,1126,635,491,19802,8985,10817,5191,2426,2765
RAJASTHAN,Pali,118,404381,37496,366885,272589,99957,172632,182125,57934,124191,48173,24363,23810,959,647,312,19035,10502,8533,3543,2184,1359
RAJASTHAN,Pratapgarh,131,179344,12720,166624,89781,24706,65075,63526,15497,48029,13957,5229,8728,459,248,211,5138,2327,2811,1059,621,438
RAJASTHAN,Rajsamand,123,244731,16861,227870,152110,45252,106858,101751,25392,76359,27872,11291,16581,945,603,342,11984,5411,6573,2290,1211,1079
RAJASTHAN,Sawai Madhopur,108,255021,14108,240913,146108,46684,99424,82150,19755,62395,26123,11470,14653,1148,779,369,14337,7578,6759,3519,2067,1452
RAJASTHAN,Sikar,111,450138,26303,423835,371569,72516,299053,233691,35107,198584,75128,20674,54454,1418,599,819,29366,10584,18782,7149,2546,4603
RAJASTHAN,Sirohi,117,204192,20424,183768,117314,47991,69323,73623,26407,47216,22618,11923,10695,912,673,239,9827,5258,4569,1986,1275,711
RAJASTHAN,Tonk,120,285513,16280,269233,145706,39807,105899,84584,19749,64835,30226,10230,19996,717,344,373,14095,5615,8480,3406,1433,1973
RAJASTHAN,Udaipur,130,556059,40801,515258,393831,137528,256303,219017,63304,155713,77234,35054,42180,2804,1692,1112,49589,24025,25564,11604,6710,4894
SIKKIM,East District,244,35393,13063,22330,109535,56094,53441,64332,32600,31732,26610,13306,13304,659,475,184,10773,5862,4911,2173,1484,689
SIKKIM,North  District,241,4690,1918,2772,10683,6164,4519,6836,3616,3220,2489,1677,812,57,40,17,507,306,201,93,71,22
SIKKIM,South District,243,14397,4044,10353,36551,16567,19984,24405,10783,13622,7000,3083,3917,144,116,28,2526,1303,1223,428,313,115
SIKKIM,West District,242,12905,2787,10118,22895,8436,14459,16454,5892,10562,4065,1541,2524,46,33,13,1159,570,589,168,100,68
TAMIL NADU,Ariyalur,616,129655,30476,99179,195183,77949,117234,113939,41967,71972,51128,20823,30305,7934,5299,2635,10847,4837,6010,5344,2907,2437
TAMIL NADU,Chennai,603,188205,70500,117705,1182399,618805,563594,349060,163413,185647,372265,190834,181431,35050,25412,9638,260659,141321,119338,116296,73536,42760
TAMIL NADU,Coimbatore,632,395611,144541,251070,1486355,738766,747589,653687,316204,337483,472093,228208,243885,55669,41776,13893,176956,84864,92092,70073,41013,29060
TAMIL NADU,Cuddalore,617,361572,92783,268789,788712,337532,451180,390105,148343,241762,230786,101533,129253,31330,22488,8842,62312,30257,32055,31184,18284,12900
TAMIL NADU,Dharmapuri,630,213275,52147,161128,305221,121598,183623,165876,64704,101172,89280,33554,55726,8553,4494,4059,19864,9543,10321,8987,4767,4220
TAMIL NADU,Dindigul,612,231780,63416,168364,529974,229028,300946,292792,122060,170732,142665,62113,80552,15404,8695,6709,36649,17196,19453,14284,7585,6699
TAMIL NADU,Erode,610,388132,121810,266322,819966,395818,424148,428096,199773,228323,234787,113859,120928,22400,15589,6811,65809,32502,33307,28342,16329,12013
TAMIL NADU,Kancheepuram,604,575251,204621,370630,1985938,989892,996046,798967,364762,434205,615793,307790,308003,65622,49854,15768,259016,133652,125364,125587,76975,48612
TAMIL NADU,Kanniyakumari,629,110397,40344,70053,624522,227631,396891,292509,107280,185229,201900,70630,131270,26326,13789,12537,54580,18224,36356,20089,8368,11721
TAMIL NADU,Karur,613,164907,44812,120095,370809,168333,202476,202902,87259,115643,105107,48984,56123,9115,6138,2977,27659,13743,13916,10473,5862,4611
TAMIL NADU,Krishnagiri,631,252874,64190,188684,457805,192567,265238,215517,84017,131500,150240,61012,89228,18616,13171,5445,35191,16744,18447,15469,8764,6705
TAMIL NADU,Madurai,623,284912,86430,198482,922364,436401,485963,449039,197078,251961,262892,125747,137145,29150,19342,9808,102098,55125,46973,35253,20087,15166
TAMIL NADU,Nagapattinam,618,213363,61185,152178,593158,235122,358036,347646,125795,221851,152548,64315,88233,17977,12385,5592,34749,16061,18688,11926,6825,5101
TAMIL NADU,Namakkal,609,250828,73606,177222,577954,263217,314737,289511,129250,160261,184804,83740,101064,13375,9198,4177,41254,18797,22457,19439,10529,8910
TAMIL NADU,Perambalur,615,80199,19611,60588,148332,60269,88063,81232,31072,50160,45419,18976,26443,4238,2614,1624,8776,3889,4887,4362,2327,2035
TAMIL NADU,Pudukkottai,621,238395,58645,179750,464401,187565,276836,265719,100831,164888,129443,54387,75056,13229,8356,4873,26353,12048,14305,9333,5153,4180
TAMIL NADU,Ramanathapuram,626,117068,33748,83320,299223,138592,160631,167430,73058,94372,81823,39537,42286,7744,4643,3101,17889,9592,8297,6194,3530,2664
TAMIL NADU,Salem,608,377531,99569,277962,734458,308570,425888,377369,152442,224927,214827,86020,128807,21088,13316,7772,57723,27687,30036,24686,13761,10925
TAMIL NADU,Sivaganga,622,171538,43975,127563,428999,187620,241379,227684,92549,135135,120488,54423,66065,14080,9568,4512,31271,15116,16155,11472,6361,5111
TAMIL NADU,Thanjavur,620,303602,88052,215550,853669,353026,500643,450830,171651,279179,237633,103063,134570,24820,16878,7942,64371,30304,34067,24218,13519,10699
TAMIL NADU,The Nilgiris,611,82296,26099,56197,285891,133500,152391,141769,67490,74279,93346,41559,51787,5781,3541,2240,20217,10015,10202,5941,3106,2835
TAMIL NADU,Theni,624,114558,34543,80015,286116,122027,164089,156177,63169,93008,79092,34161,44931,9258,5251,4007,20646,10192,10454,8021,4215,3806
TAMIL NADU,Thiruvallur,602,497540,174087,323453,1753586,877284,876302,715249,324981,390268,572574,291756,280818,66144,51877,14267,217069,110596,106473,87105,53651,33454
TAMIL NADU,Thiruvarur,619,160320,43801,116519,442218,172381,269837,254979,89483,165496,125377,52123,73254,13528,9568,3960,26874,12138,14736,8505,4732,3773
TAMIL NADU,Thoothukkudi,627,156287,51486,104801,539083,232874,306209,319040,129848,189192,127706,57485,70221,17928,10801,7127,38823,18455,20368,13604,7277,6327
TAMIL NADU,Tiruchirappalli,614,295935,85476,210459,953734,428364,525370,442936,179707,263229,293808,131865,161943,40718,29490,11228,98433,48126,50307,41684,24852,16832
TAMIL NADU,Tirunelveli,628,271037,74554,196483,808353,324183,484170,461428,166941,294487,198214,87071,111143,26687,15794,10893,61816,28883,32933,24011,12582,11429
TAMIL NADU,Tiruppur,633,406487,141750,264737,1127438,570540,556898,615320,305149,310171,317700,163106,154594,22624,15835,6789,75097,38569,36528,22023,12203,9820
TAMIL NADU,Tiruvannamalai,606,306386,66050,240336,518661,189573,329088,286984,94303,192681,150638,58148,92490,13458,8052,5406,28538,13402,15136,12379,6769,5610
TAMIL NADU,Vellore,605,457281,125539,331742,1072200,445397,626803,544235,207525,336710,332283,142575,189708,33076,20461,12615,75390,36655,38735,31480,17468,14012
TAMIL NADU,Viluppuram,607,452562,104287,348275,727631,287182,440449,391223,142466,248757,210078,86492,123586,20047,11873,8174,41182,20015,21167,17971,9929,8042
TAMIL NADU,Virudhunagar,625,208283,63842,144441,531687,246745,284942,307111,135818,171293,133642,63790,69852,18054,11656,6398,35208,17726,17482,13969,7476,6493
TELANGANA,Adilabad,532,607668,164592,443076,619828,304904,314924,291012,131490,159522,179374,90085,89289,5146,4050,1096,46144,27989,18155,13329,8774,4555
TELANGANA,Hyderabad,536,540679,240126,300553,1569519,847097,722422,494760,247446,247314,498662,263839,234823,14949,11940,3009,291833,166573,125260,106260,68492,37768
TELANGANA,Karimnagar,534,754418,156209,598209,860677,376843,483834,400117,157213,242904,284530,128030,156500,9515,7897,1618,79120,44620,34500,25025,15167,9858
TELANGANA,Khammam,541,543430,147569,395861,733884,328991,404893,380369,151772,228597,200221,92445,107776,12561,10275,2286,62320,36272,26048,23984,14782,9202
TELANGANA,Mahbubnagar,538,952444,195423,757021,713873,324682,389191,326873,140911,185962,221992,100890,121102,7498,5398,2100,55916,31806,24110,20129,11342,8787
TELANGANA,Medak,535,688532,141028,547504,684581,311676,372905,319938,130771,189167,221025,101731,119294,12513,10972,1541,55058,31017,24041,20719,12683,8036
TELANGANA,Nalgonda,539,730154,145144,585010,810750,348694,462056,407185,157707,249478,247499,108581,138918,7110,5175,1935,68339,40163,28176,23058,13848,9210
TELANGANA,Nizamabad,533,546642,122371,424271,530503,235495,295008,263168,108529,154639,161428,73404,88024,3675,2709,966,40861,23175,17686,12452,7329,5123
TELANGANA,Rangareddy,537,1110109,398162,711947,2436805,1283081,1153724,824511,388558,435953,766805,397810,368995,41335,34947,6388,404750,235272,169478,176619,113590,63029
TELANGANA,Warangal,540,682341,138679,543662,796396,351339,445057,379559,149746,229813,258715,115232,143483,8538,6608,1930,76067,44308,31759,25146,15544,9602
TRIPURA,Dhalai,291,23975,8431,15544,89125,37111,52014,61974,25700,36274,12007,5151,6856,97,72,25,2507,1303,1204,193,144,49
TRIPURA,North Tripura,292,48795,17123,31672,182108,67856,114252,130621,47659,82962,27696,10784,16912,304,228,76,7336,3777,3559,593,419,174
TRIPURA,South Tripura,290,64425,19207,45218,228325,81813,146512,168446,57924,110522,34561,13164,21397,300,226,74,9576,4964,4612,637,473,164
TRIPURA,West Tripura,289,121675,38057,83618,541195,214808,326387,366211,136568,229643,99451,43481,55970,1709,1294,415,34048,18304,15744,4250,3015,1235
UTTAR PRADESH,Agra,146,604799,102138,502661,719369,272266,447103,339573,103796,235777,193588,84735,108853,1528,1237,291,104407,49049,55358,14641,9017,5624
UTTAR PRADESH,Aligarh,143,585711,87085,498626,533514,190747,342767,264327,79789,184538,150334,59574,90760,2269,1959,310,70692,31460,39232,11211,7298,3913
UTTAR PRADESH,Allahabad,175,837578,101212,736366,891775,333183,558592,361775,111905,249870,265735,104238,161497,2402,2064,338,157187,75417,81770,19447,12920,6527
UTTAR PRADESH,Ambedkar Nagar,178,340920,21569,319351,273183,46723,226460,147268,24197,123071,68136,12149,55987,339,236,103,37990,6608,31382,2715,998,1717
UTTAR PRADESH,Auraiya,162,156552,13285,143267,248962,56616,192346,140432,23294,117138,67795,18676,49119,309,265,44,28758,10944,17814,2971,1831,1140
UTTAR PRADESH,Azamgarh,191,691514,35463,656051,528173,86685,441488,284519,42271,242248,140187,24355,115832,470,358,112,59245,12341,46904,4803,1856,2947
UTTAR PRADESH,Baghpat,139,185394,16667,168727,167523,36664,130859,84968,17700,67268,48151,11046,37105,220,152,68,18184,4872,13312,2024,1022,1002
UTTAR PRADESH,Bahraich,180,615363,56307,559056,225990,60534,165456,135362,34246,101116,46600,13210,33390,211,184,27,19804,7232,12572,1348,783,565
UTTAR PRADESH,Ballia,193,486463,40411,446052,440970,103986,336984,194650,41314,153336,145691,35692,109999,591,445,146,46221,14418,31803,3847,1811,2036
UTTAR PRADESH,Balrampur,182,384929,20793,364136,120107,26009,94098,78250,14872,63378,21523,5425,16098,109,94,15,9436,3232,6204,855,484,371
UTTAR PRADESH,Banda,170,288240,16021,272219,188941,48828,140113,118946,22507,96439,37942,13204,24738,253,213,40,21194,9827,11367,2136,1370,766
UTTAR PRADESH,Bara Banki,176,506474,43944,462530,306916,71556,235360,181581,36354,145227,62563,16944,45619,272,215,57,26979,9191,17788,1816,981,835
UTTAR PRADESH,Bareilly,150,695688,101432,594256,458437,184911,273526,227582,81759,145823,102352,48422,53930,1429,1139,290,65797,29957,35840,8427,5284,3143
UTTAR PRADESH,Basti,185,390053,21533,368520,250133,49184,200949,137869,22817,115052,61323,13423,47900,369,305,64,28541,8319,20222,2267,1233,1034
UTTAR PRADESH,Bijnor,134,481830,37929,443901,384036,86460,297576,212924,40843,172081,80366,21829,58537,704,570,134,46661,13438,33223,4993,2654,2339
UTTAR PRADESH,Budaun,149,615528,36453,579075,202484,49343,153141,118192,24110,94082,41295,13314,27981,200,175,25,21302,7510,13792,1832,1019,813
UTTAR PRADESH,Bulandshahr,142,540092,37547,502545,421084,101149,319935,227006,43658,183348,116029,31832,84197,1066,911,155,50000,17048,32952,5894,3447,2447
UTTAR PRADESH,Chandauli,196,294024,25085,268939,267785,55697,212088,136605,24819,111786,84653,18530,66123,679,552,127,28003,8193,19810,2238,1084,1154
UTTAR PRADESH,Chitrakoot,171,160214,8082,152132,90927,19618,71309,57332,9184,48148,18792,5317,13475,80,67,13,8319,3418,4901,960,556,404
UTTAR PRADESH,Deoria,190,493003,25340,467663,369514,68881,300633,179288,28506,150782,120968,22743,98225,451,389,62,40919,11893,29026,3348,1881,1467
UTTAR PRADESH,Etah,201,262274,21378,240896,236975,60766,176209,130724,25136,105588,65297,20464,44833,240,198,42,26083,11037,15046,2694,1626,1068
UTTAR PRADESH,Etawah,161,190027,20973,169054,302757,82020,220737,165821,33339,132482,79009,26410,52599,451,298,153,37024,16129,20895,4043,2530,1513
UTTAR PRADESH,Faizabad,177,374396,30343,344053,307648,76605,231043,159114,34209,124905,77084,20602,56482,474,393,81,43594,14568,29026,3802,2106,1696
UTTAR PRADESH,Farrukhabad,159,255696,25036,230660,233742,52134,181608,130423,23221,107202,56792,15590,41202,162,119,43,24822,8376,16446,2198,1091,1107
UTTAR PRADESH,Fatehpur,172,398021,27733,370288,289415,67731,221684,168177,31653,136524,70254,19191,51063,257,180,77,31358,11775,19583,2026,1074,952
UTTAR PRADESH,Firozabad,147,349165,51892,297273,397486,125838,271648,214020,56384,157636,110701,41296,69405,360,313,47,42010,17100,24910,4255,2576,1679
UTTAR PRADESH,Gautam Buddha Nagar,141,250217,67853,182364,598253,296630,301623,224341,98117,126224,157307,83061,74246,5765,4668,1097,129011,65392,63619,38921,26442,12479
UTTAR PRADESH,Ghaziabad,140,765839,225984,539855,1658108,831038,827070,709325,327021,382304,468787,251828,216959,7367,5898,1469,307280,155176,152104,63023,42128,20895
UTTAR PRADESH,Ghazipur,195,527886,33738,494148,441006,83497,357509,204026,34695,169331,145886,29204,116682,415,324,91,46983,11674,35309,3448,1488,1960
UTTAR PRADESH,Gonda,183,601516,49504,552012,312835,81897,230938,186677,44141,142536,71951,20494,51457,592,514,78,29020,10289,18731,2188,1262,926
UTTAR PRADESH,Gorakhpur,188,669244,56746,612498,604435,183671,420764,282065,69040,213025,174102,56731,117371,2007,1743,264,86490,36874,49616,9168,5918,3250
UTTAR PRADESH,Hamirpur,168,178613,12149,166464,136761,35875,100886,86003,17521,68482,27261,9586,17675,89,72,17,13952,5942,8010,1554,922,632
UTTAR PRADESH,Hardoi,155,573650,35356,538294,352154,74459,277695,227993,39744,188249,68708,18927,49781,195,153,42,29595,10595,19000,1716,904,812
UTTAR PRADESH,Jalaun,165,243017,21108,221909,294223,79791,214432,169203,33338,135865,74634,25715,48919,334,287,47,32465,14577,17888,3705,2349,1356
UTTAR PRADESH,Jaunpur,194,711763,44199,667564,546980,99585,447395,298641,50768,247873,152001,28671,123330,440,357,83,55841,12564,43277,5100,1939,3161
UTTAR PRADESH,Jhansi,166,285096,30268,254828,376615,125081,251534,206971,52543,154428,87448,36246,51202,2520,2069,451,50523,23190,27333,7941,4730,3211
UTTAR PRADESH,Jyotiba Phule Nagar,137,281229,23055,258174,153083,44547,108536,89084,23300,65784,33288,11218,22070,330,270,60,18198,6127,12071,1955,1177,778
UTTAR PRADESH,Kannauj,160,203641,13813,189828,208839,34685,174154,124309,15425,108884,54134,11204,42930,97,81,16,19778,5888,13890,1661,849,812
UTTAR PRADESH,Kanpur Dehat,163,221959,17637,204322,273967,55363,218604,153983,24180,129803,76758,19354,57404,139,104,35,26363,8279,18084,1801,988,813
UTTAR PRADESH,Kanpur Nagar,164,407049,102792,304257,931375,405471,525904,386831,140898,245933,292559,137505,155054,3464,3008,456,184887,90736,94151,21271,13158,8113
UTTAR PRADESH,Kanshiram Nagar,202,228316,13979,214337,123872,26932,96940,71872,12107,59765,29785,8087,21698,137,117,20,12295,4312,7983,1178,651,527
UTTAR PRADESH,Kaushambi,174,280065,27826,252239,141137,44799,96338,78050,23953,54097,37077,12763,24314,57,41,16,10205,3492,6713,671,306,365
UTTAR PRADESH,Kheri,153,658936,74610,584326,431663,134139,297524,269384,73343,196041,77611,30328,47283,400,321,79,37991,16739,21252,2498,1636,862
UTTAR PRADESH,Kushinagar,189,600926,39066,561860,330116,67448,262668,181757,35967,145790,78163,16597,61566,216,175,41,23014,6042,16972,1551,853,698
UTTAR PRADESH,Lalitpur,167,223739,14086,209653,133931,33677,100254,90746,18698,72048,22324,7602,14722,226,190,36,11665,4988,6677,1518,888,630
UTTAR PRADESH,Lucknow,157,563986,147915,416071,1287862,622689,665173,469507,198120,271387,356442,177984,178458,10098,8681,1417,343034,177818,165216,51702,34693,17009
UTTAR PRADESH,Mahamaya Nagar,144,223014,14209,208805,198522,40222,158300,109895,17397,92498,55623,13529,42094,407,274,133,21024,6278,14746,2219,1066,1153
UTTAR PRADESH,Mahoba,169,152902,12889,140013,107796,30296,77500,69487,16304,53183,18783,7177,11606,148,111,37,9102,4060,5042,1063,650,413
UTTAR PRADESH,Mahrajganj,187,474002,29194,444808,221009,52550,168459,132377,29458,102919,49061,12853,36208,141,110,31,16021,5098,10923,1048,593,455
UTTAR PRADESH,Mainpuri,148,225699,14737,210962,275422,50405,225017,157902,19359,138543,71622,17503,54119,219,176,43,26082,9055,17027,2187,1189,998
UTTAR PRADESH,Mathura,145,412755,50010,362745,410280,148365,261915,199632,59440,140192,114536,48564,65972,1431,1185,246,49851,23391,26460,6674,4154,2520
UTTAR PRADESH,Mau,192,290080,18558,271522,255653,49154,206499,112334,21527,90807,79818,15296,64522,478,202,276,33691,6904,26787,2815,1081,1734
UTTAR PRADESH,Meerut,138,488805,101015,387790,708411,289351,419060,316531,116917,199614,195310,85859,109451,1702,1351,351,117438,51625,65813,19034,11668,7366
UTTAR PRADESH,Mirzapur,199,389973,31638,358335,286331,61005,225326,154937,30611,124326,78399,16719,61680,538,409,129,31099,8527,22572,2191,983,1208
UTTAR PRADESH,Moradabad,135,709808,75520,634288,396204,136832,259372,191006,59301,131705,95512,37571,57941,949,737,212,62435,24471,37964,6551,3711,2840
UTTAR PRADESH,Muzaffarnagar,133,594833,62500,532333,566636,161855,404781,310247,79118,231129,148870,46823,102047,1343,1098,245,69675,23131,46544,8298,4802,3496
UTTAR PRADESH,Pilibhit,151,324779,31706,293073,183017,55715,127302,118056,31190,86866,35248,13904,21344,172,125,47,17849,7072,10777,1628,1000,628
UTTAR PRADESH,Pratapgarh,173,496022,35140,460882,363258,76588,286670,199479,38837,160642,98200,21987,76213,232,172,60,34494,9492,25002,2369,1062,1307
UTTAR PRADESH,Rae Bareli,158,537523,46654,490869,408963,113130,295833,232344,54447,177897,100395,31568,68827,1012,897,115,46851,17775,29076,4065,2458,1607
UTTAR PRADESH,Rampur,136,351716,36496,315220,138879,47005,91874,76066,23771,52295,31415,12014,19401,333,267,66,17958,6687,11271,2023,1204,819
UTTAR PRADESH,Saharanpur,132,462437,50560,411877,468551,139143,329408,262092,65284,196808,109222,39133,70089,935,743,192,58290,20995,37295,7196,4177,3019
UTTAR PRADESH,Sant Kabir Nagar,186,278811,13667,265144,159823,28695,131128,100826,15538,85288,36302,7677,28625,127,77,50,12788,3256,9532,788,420,368
UTTAR PRADESH,Sant Ravidas Nagar (Bhadohi),198,259248,13371,245877,165806,25558,140248,93795,13167,80628,44385,7262,37123,98,71,27,14444,3146,11298,874,370,504
UTTAR PRADESH,Shahjahanpur,152,468326,49837,418489,280147,85675,194472,173566,45821,127745,57326,22021,35305,351,290,61,27361,10993,16368,2334,1473,861
UTTAR PRADESH,Shrawasti,181,229154,20602,208552,65336,18045,47291,42284,11276,31008,11427,2959,8468,29,23,6,3409,1238,2171,220,140,80
UTTAR PRADESH,Siddharthnagar,184,438932,25087,413845,183401,35619,147782,121953,21224,100729,33379,7657,25722,102,82,20,11230,3378,7852,779,456,323
UTTAR PRADESH,Sitapur,154,745917,64611,681306,436107,114373,321734,285180,64632,220548,76346,25501,50845,277,208,69,39339,14920,24419,2681,1592,1089
UTTAR PRADESH,Sonbhadra,200,317759,34993,282766,274324,113655,160669,136407,45525,90882,78859,38011,40848,3890,3630,260,33970,17165,16805,5023,3682,1341
UTTAR PRADESH,Sultanpur,179,602020,39793,562227,460617,97816,362801,273354,49769,223585,105807,25232,80575,952,790,162,49625,14537,35088,4289,2329,1960
UTTAR PRADESH,Unnao,156,493100,49679,443421,413296,120131,293165,240162,60681,179481,95628,33388,62240,195,151,44,40773,16117,24656,2309,1310,999
UTTAR PRADESH,Varanasi,197,480923,69885,411038,720060,255584,464476,310958,93495,217463,216529,76978,139551,3052,2615,437,130122,57763,72359,17563,11223,6340
UTTARAKHAND,Almora,64,88847,5254,83593,147845,35297,112548,86355,13343,73012,35962,11690,24272,649,440,209,18657,8006,10651,2065,1217,848
UTTARAKHAND,Bageshwar,63,35350,2507,32843,58174,12451,45723,36819,5868,30951,13437,3843,9594,118,91,27,4999,2059,2940,534,307,227
UTTARAKHAND,Chamoli,57,51858,7027,44831,108115,37280,70835,59180,16362,42818,26733,10761,15972,464,370,94,16179,7468,8711,1661,1120,541
UTTARAKHAND,Champawat,65,37603,4916,32687,63993,22956,41037,38785,11226,27559,14560,6878,7682,345,285,60,7870,3675,4195,903,545,358
UTTARAKHAND,Dehradun,60,210830,63781,147049,683625,341245,342380,265916,127307,138609,209684,110041,99643,5409,4063,1346,157305,74632,82673,25031,15777,9254
UTTARAKHAND,Garhwal,61,99980,13878,86102,218171,75861,142310,105013,29339,75674,67240,25354,41886,1409,1127,282,35621,16239,19382,4116,2629,1487
UTTARAKHAND,Hardwar,68,267305,46799,220506,406201,169146,237055,191951,66782,125169,110411,54272,56139,5356,4853,503,71507,29541,41966,14539,9539,5000
UTTARAKHAND,Nainital,66,114718,31476,83242,336665,152349,184316,156318,62116,94202,98135,49531,48604,2592,2131,461,65815,31332,34483,7677,4846,2831
UTTARAKHAND,Pithoragarh,62,65143,9221,55922,143895,46407,97488,85112,22492,62620,35690,13779,21911,476,374,102,16673,7587,9086,1723,986,737
UTTARAKHAND,Rudraprayag,58,35177,3142,32035,61168,16330,44838,34484,7578,26906,16015,4843,11172,192,160,32,7210,2872,4338,726,440,286
UTTARAKHAND,Tehri Garhwal,59,103610,11247,92363,145928,52442,93486,67283,22317,44966,41937,15649,26288,940,713,227,21421,10710,10711,2239,1572,667
UTTARAKHAND,Udham Singh Nagar,67,288308,81095,207213,425944,204529,221415,225384,102588,122796,115922,60963,54959,2186,1879,307,60669,27958,32711,8592,5501,3091
UTTARAKHAND,Uttarkashi,56,49815,6414,43401,69186,28257,40929,35908,12914,22994,17131,7748,9383,446,341,105,11254,5624,5630,1176,826,350
WEST BENGAL,Bankura,339,591577,78357,513220,742507,187507,555000,530196,114385,415811,126269,41100,85169,1625,1326,299,41617,20626,20991,4035,3078,957
WEST BENGAL,Barddhaman,335,1075449,261387,814062,2211393,841284,1370109,1416074,470114,945960,477624,205917,271707,8439,7485,954,200011,110367,89644,20470,15310,5160
WEST BENGAL,Birbhum,334,467271,84432,382839,725318,208765,516553,509774,124861,384913,127506,45084,82422,1188,1017,171,46228,26537,19691,3721,2888,833
WEST BENGAL,Dakshin Dinajpur,331,225837,48447,177390,352601,109636,242965,260560,73991,186569,54744,20293,34451,247,206,41,17330,9223,8107,1117,824,293
WEST BENGAL,Darjiling,327,201045,62254,138791,464166,214462,249704,286403,126006,160397,107218,51345,55873,1287,1035,252,50506,26990,23516,4528,2889,1639
WEST BENGAL,Haora,341,463527,125890,337637,1382204,497063,885141,876414,277282,599132,287892,119887,168005,4033,3435,598,129763,67507,62256,9373,6179,3194
WEST BENGAL,Hugli,338,700591,179470,521121,1878763,684500,1194263,1204555,391779,812776,389844,154061,235783,6470,5633,837,191705,98678,93027,15220,10599,4621
WEST BENGAL,Jalpaiguri,328,526867,148632,378235,890028,371136,518892,635315,250433,384882,158572,72457,86115,1796,1547,249,60623,32717,27906,4169,3080,1089
WEST BENGAL,Koch Bihar,329,351018,77650,273368,604256,185897,418359,464239,130174,334065,88956,33554,55402,513,416,97,27935,14206,13729,1793,1321,472
WEST BENGAL,Kolkata,342,157492,69841,87651,679646,370262,309384,276553,147305,129248,177853,95083,82770,6755,5841,914,159989,87090,72899,22984,16108,6876
WEST BENGAL,Maldah,332,605393,131265,474128,587026,188246,398780,432752,126269,306483,100559,37924,62635,627,530,97,28726,15360,13366,2221,1677,544
WEST BENGAL,Murshidabad,333,980423,226414,754009,1255045,378314,876731,940303,256618,683685,202495,72568,129927,1318,1118,200,56815,30966,25849,4670,3536,1134
WEST BENGAL,Nadia,336,744790,205155,539635,1455397,532621,922776,1063351,354484,708867,245355,106825,138530,2233,1890,343,89545,48237,41308,6509,4630,1879
WEST BENGAL,North Twenty Four Parganas,337,1072435,326679,745756,3812195,1621600,2190595,2190084,814351,1375733,848256,396306,451950,18110,15490,2620,553494,299249,254245,58029,39497,18532
WEST BENGAL,Paschim Medinipur,344,642738,87601,555137,1290674,285060,1005614,937653,173923,763730,214300,60810,153490,2884,2393,491,66966,31281,35685,7125,4995,2130
WEST BENGAL,Purba Medinipur,345,360589,44296,316293,1239877,209334,1030543,941903,129074,812829,194749,44495,150254,2637,2148,489,59584,23985,35599,7259,4868,2391
WEST BENGAL,Puruliya,340,516806,42942,473864,404680,104311,300369,287609,62429,225180,70352,23542,46810,944,761,183,23713,11725,11988,1870,1365,505
WEST BENGAL,South Twenty Four Parganas,343,950840,194538,756302,1986685,626818,1359867,1404672,385406,1019266,324788,125560,199228,4214,3552,662,144357,75217,69140,11522,7745,3777
WEST BENGAL,Uttar Dinajpur,330,461531,88296,373235,389792,140389,249403,278813,94190,184623,69699,27490,42209,518,440,78,20651,11464,9187,1443,1041,402
